alpha,CrossValidations,Measurement,Drug,Concentration_Original,Concetration,Training Spearman,Validation Spearman,Training MAE,Validation MAE
1.00E-05,1,DoublingTime,NoAntimicrbial,NA,2,0.999979693,0.302967041,0.00136087,0.310567079
1.00E-05,1,GrowthYield,NoAntimicrbial,NA,2,0.999993576,0.322605437,0.001433306,0.738844492
1.00E-05,1,DoublingTime,CAM,0.5,1,0.999918435,0.050764746,0.001319579,0.191969064
1.00E-05,1,GrowthYield,CAM,0.5,1,0.999965353,0.161937393,0.001373282,0.288459799
1.00E-05,1,DoublingTime,CAM,1,2,0.999931443,0.192237883,0.00137199,0.175213687
1.00E-05,1,GrowthYield,CAM,1,2,0.999981543,0.286377895,0.001347502,0.380696007
1.00E-05,1,DoublingTime,CAM,2,3,0.999965731,0.173744443,0.001422204,0.268551322
1.00E-05,1,GrowthYield,CAM,2,3,0.999992601,0.441715973,0.001411291,0.639029299
1.00E-05,1,DoublingTime,CIP,0.002,1,0.999912648,0.200621424,0.001382932,0.163526382
1.00E-05,1,GrowthYield,CIP,0.002,1,0.999969311,0.253464613,0.001439197,0.28226539
1.00E-05,1,DoublingTime,CIP,0.004,2,0.99994807,0.175060304,0.001387719,0.220023204
1.00E-05,1,GrowthYield,CIP,0.004,2,0.999990056,0.252864282,0.001445254,0.626386176
1.00E-05,1,DoublingTime,CIP,0.008,3,0.999907497,0.159686963,0.001356822,0.165519624
1.00E-05,1,GrowthYield,CIP,0.008,3,0.999993934,0.467596729,0.001429018,0.971608387
1.00E-05,1,DoublingTime,CTX,0.5,1,0.999945743,0.213111553,0.001338472,0.184694123
1.00E-05,1,GrowthYield,CTX,0.5,1,0.9999965,0.609701565,0.001524442,1.473377398
1.00E-05,1,DoublingTime,CTX,1,2,0.99991231,0.185847332,0.001403819,0.165255174
1.00E-05,1,GrowthYield,CTX,1,2,0.99999646,0.606948696,0.001536954,1.56100368
1.00E-05,1,DoublingTime,CTX,2,3,0.999950079,0.367747623,0.00136802,0.201677822
1.00E-05,1,GrowthYield,CTX,2,3,0.999996261,0.596670056,0.001482713,1.799310355
1.00E-05,1,DoublingTime,KAN,4,1,0.999898666,0.163264611,0.001298488,0.140855424
1.00E-05,1,GrowthYield,KAN,4,1,0.999986495,0.232654761,0.001386329,0.544154712
1.00E-05,1,DoublingTime,KAN,8,2,0.999952028,0.182468172,0.001282889,0.214530912
1.00E-05,1,GrowthYield,KAN,8,2,0.99999469,0.375979729,0.001446691,0.976974433
1.00E-05,1,DoublingTime,KAN,16,3,0.999980767,0.39273275,0.001314015,0.299922985
1.00E-05,1,GrowthYield,KAN,16,3,0.999997474,0.450764205,0.001511791,1.484630291
1.00E-05,1,DoublingTime,TET,0.3,1,0.99995348,0.201946479,0.001382799,0.21268113
1.00E-05,1,GrowthYield,TET,0.3,1,0.999983532,0.313582624,0.001317801,0.447073364
1.00E-05,1,DoublingTime,TET,0.6,2,0.999967541,0.165586972,0.001430348,0.287993025
1.00E-05,1,GrowthYield,TET,0.6,2,0.999994928,0.32001536,0.001500979,1.031718541
1.00E-05,1,DoublingTime,TET,1.25,3,0.999988126,0.495348246,0.001380508,0.372756285
1.00E-05,1,GrowthYield,TET,1.25,3,0.999996997,0.404054127,0.001580887,1.519267063
1.00E-05,1,DoublingTime,TRIM,0.125,1,0.999953321,0.263191598,0.00132061,0.203919208
1.00E-05,1,GrowthYield,TRIM,0.125,1,0.99999288,0.47239505,0.001409336,0.741942762
1.00E-05,1,DoublingTime,TRIM,0.25,2,0.999943794,0.290158358,0.001292167,0.20748365
1.00E-05,1,GrowthYield,TRIM,0.25,2,0.999995426,0.449049206,0.00140683,0.991701903
1.00E-05,1,DoublingTime,TRIM,0.5,3,0.999954375,0.195272529,0.001334102,0.216956283
1.00E-05,1,GrowthYield,TRIM,0.5,3,0.999996639,0.518920161,0.001471753,1.322106472
1.00E-05,2,DoublingTime,NoAntimicrbial,NA,2,0.999977525,0.316357826,0.001344044,0.329887366
1.00E-05,2,GrowthYield,NoAntimicrbial,NA,2,0.99999018,0.319577021,0.001446806,0.738693201
1.00E-05,2,DoublingTime,CAM,0.5,1,0.999919283,0.134528456,0.001403521,0.182924795
1.00E-05,2,GrowthYield,CAM,0.5,1,0.999968643,0.13401957,0.001397313,0.297805896
1.00E-05,2,DoublingTime,CAM,1,2,0.999924792,0.026445714,0.001379156,0.190248189
1.00E-05,2,GrowthYield,CAM,1,2,0.999981996,0.317487969,0.001362132,0.371709253
1.00E-05,2,DoublingTime,CAM,2,3,0.99996553,0.138580809,0.001390579,0.279072145
1.00E-05,2,GrowthYield,CAM,2,3,0.999991856,0.397043168,0.001413049,0.661995857
1.00E-05,2,DoublingTime,CIP,0.002,1,0.999911798,0.107332256,0.001355897,0.16733021
1.00E-05,2,GrowthYield,CIP,0.002,1,0.999963933,0.186754749,0.001419121,0.289813037
1.00E-05,2,DoublingTime,CIP,0.004,2,0.999961338,0.169503484,0.001318829,0.226024001
1.00E-05,2,GrowthYield,CIP,0.004,2,0.999990918,0.292811581,0.001386332,0.576545909
1.00E-05,2,DoublingTime,CIP,0.008,3,0.999916369,0.050936421,0.00135804,0.163754008
1.00E-05,2,GrowthYield,CIP,0.008,3,0.999994112,0.487994508,0.001463203,0.935598233
1.00E-05,2,DoublingTime,CTX,0.5,1,0.999949442,0.215691111,0.001314361,0.179784684
1.00E-05,2,GrowthYield,CTX,0.5,1,0.999996507,0.569123987,0.001487967,1.554843616
1.00E-05,2,DoublingTime,CTX,1,2,0.999928524,0.186699098,0.001313032,0.161250867
1.00E-05,2,GrowthYield,CTX,1,2,0.999995988,0.585534066,0.001484279,1.638225095
1.00E-05,2,DoublingTime,CTX,2,3,0.999953594,0.456128442,0.001352791,0.171927685
1.00E-05,2,GrowthYield,CTX,2,3,0.999997206,0.577587215,0.001542342,1.792941226
1.00E-05,2,DoublingTime,KAN,4,1,0.99989617,0.129624749,0.001390735,0.144662353
1.00E-05,2,GrowthYield,KAN,4,1,0.999985409,0.364194649,0.001404427,0.500799943
1.00E-05,2,DoublingTime,KAN,8,2,0.999947566,0.33058521,0.001341688,0.200577195
1.00E-05,2,GrowthYield,KAN,8,2,0.999995429,0.50703356,0.001457185,0.915329781
1.00E-05,2,DoublingTime,KAN,16,3,0.999975968,0.50934361,0.001363622,0.301481287
1.00E-05,2,GrowthYield,KAN,16,3,0.999997844,0.445052295,0.001460259,1.520046363
1.00E-05,2,DoublingTime,TET,0.3,1,0.999953753,0.274384154,0.001369669,0.213833261
1.00E-05,2,GrowthYield,TET,0.3,1,0.999982236,0.400165508,0.00138942,0.440423452
1.00E-05,2,DoublingTime,TET,0.6,2,0.999971478,0.178616865,0.001385735,0.301732049
1.00E-05,2,GrowthYield,TET,0.6,2,0.99999507,0.459140551,0.001430389,0.949354035
1.00E-05,2,DoublingTime,TET,1.25,3,0.999987505,0.513540442,0.001355005,0.385664433
1.00E-05,2,GrowthYield,TET,1.25,3,0.999997226,0.488289886,0.001522644,1.463288774
1.00E-05,2,DoublingTime,TRIM,0.125,1,0.999946268,0.248922231,0.001387276,0.210669418
1.00E-05,2,GrowthYield,TRIM,0.125,1,0.999993912,0.460949208,0.001432618,0.742202964
1.00E-05,2,DoublingTime,TRIM,0.25,2,0.999947406,0.35996464,0.001332471,0.193552741
1.00E-05,2,GrowthYield,TRIM,0.25,2,0.999995848,0.430957617,0.00143786,1.00805145
1.00E-05,2,DoublingTime,TRIM,0.5,3,0.999959023,0.185424476,0.001324764,0.222624971
1.00E-05,2,GrowthYield,TRIM,0.5,3,0.999996806,0.53463858,0.001444382,1.285958299
1.00E-05,3,DoublingTime,NoAntimicrbial,NA,2,0.999977963,0.272992136,0.001296726,0.306467159
1.00E-05,3,GrowthYield,NoAntimicrbial,NA,2,0.999990732,0.295173014,0.001441264,0.698986976
1.00E-05,3,DoublingTime,CAM,0.5,1,0.999925635,0.120170581,0.001361682,0.178931006
1.00E-05,3,GrowthYield,CAM,0.5,1,0.999969232,0.155935705,0.001269693,0.286033007
1.00E-05,3,DoublingTime,CAM,1,2,0.999941745,0.115976376,0.001347186,0.170996757
1.00E-05,3,GrowthYield,CAM,1,2,0.999983094,0.290897684,0.00128973,0.378067198
1.00E-05,3,DoublingTime,CAM,2,3,0.999967482,0.128716914,0.001330433,0.273177815
1.00E-05,3,GrowthYield,CAM,2,3,0.999993417,0.411643176,0.001340359,0.667435191
1.00E-05,3,DoublingTime,CIP,0.002,1,0.999912827,0.208000087,0.001367328,0.154387473
1.00E-05,3,GrowthYield,CIP,0.002,1,0.999970604,0.092396348,0.001373768,0.315489879
1.00E-05,3,DoublingTime,CIP,0.004,2,0.999963882,0.170730349,0.001330804,0.211563497
1.00E-05,3,GrowthYield,CIP,0.004,2,0.999991209,0.280219364,0.001348434,0.595808982
1.00E-05,3,DoublingTime,CIP,0.008,3,0.999907397,0.200608444,0.001302951,0.162034837
1.00E-05,3,GrowthYield,CIP,0.008,3,0.999995465,0.364088849,0.00140367,0.995948641
1.00E-05,3,DoublingTime,CTX,0.5,1,0.999942501,0.258477647,0.001272686,0.180322523
1.00E-05,3,GrowthYield,CTX,0.5,1,0.999996758,0.544108644,0.001496746,1.479721801
1.00E-05,3,DoublingTime,CTX,1,2,0.999922731,0.301804238,0.001379839,0.163463914
1.00E-05,3,GrowthYield,CTX,1,2,0.999996778,0.581143658,0.001449312,1.498437793
1.00E-05,3,DoublingTime,CTX,2,3,0.999958134,0.411487956,0.001305282,0.20186913
1.00E-05,3,GrowthYield,CTX,2,3,0.999997196,0.575653063,0.001432395,1.723450422
1.00E-05,3,DoublingTime,KAN,4,1,0.999903081,0.1611813,0.001279677,0.141898726
1.00E-05,3,GrowthYield,KAN,4,1,0.999991189,0.301821004,0.001308889,0.567062619
1.00E-05,3,DoublingTime,KAN,8,2,0.999947553,0.23476295,0.001331052,0.208133474
1.00E-05,3,GrowthYield,KAN,8,2,0.999995644,0.385445489,0.001372198,0.954377432
1.00E-05,3,DoublingTime,KAN,16,3,0.99997854,0.360673993,0.001317017,0.317856587
1.00E-05,3,GrowthYield,KAN,16,3,0.99999819,0.385007409,0.001441608,1.478554674
1.00E-05,3,DoublingTime,TET,0.3,1,0.999954594,0.206706941,0.00129123,0.218800402
1.00E-05,3,GrowthYield,TET,0.3,1,0.999983174,0.408618806,0.001370858,0.414143973
1.00E-05,3,DoublingTime,TET,0.6,2,0.999973866,0.295177882,0.001330442,0.263111803
1.00E-05,3,GrowthYield,TET,0.6,2,0.99999644,0.464670791,0.00143529,0.936059477
1.00E-05,3,DoublingTime,TET,1.25,3,0.999988544,0.575721208,0.001297593,0.370156748
1.00E-05,3,GrowthYield,TET,1.25,3,0.999997335,0.525459983,0.001492262,1.394877256
1.00E-05,3,DoublingTime,TRIM,0.125,1,0.999949343,0.386095577,0.001391707,0.181188612
1.00E-05,3,GrowthYield,TRIM,0.125,1,0.999993914,0.456903806,0.001354852,0.746777077
1.00E-05,3,DoublingTime,TRIM,0.25,2,0.999955847,0.37740538,0.00129432,0.187966998
1.00E-05,3,GrowthYield,TRIM,0.25,2,0.999995565,0.495141105,0.001362573,0.993729389
1.00E-05,3,DoublingTime,TRIM,0.5,3,0.999957816,0.239496912,0.001355864,0.217286134
1.00E-05,3,GrowthYield,TRIM,0.5,3,0.99999646,0.583380567,0.001372362,1.233581807
1.00E-05,4,DoublingTime,NoAntimicrbial,NA,2,0.999978683,0.208788251,0.00135376,0.339526531
1.00E-05,4,GrowthYield,NoAntimicrbial,NA,2,0.999992555,0.342034862,0.001518818,0.743269521
1.00E-05,4,DoublingTime,CAM,0.5,1,0.999929063,0.169594452,0.001406277,0.183214721
1.00E-05,4,GrowthYield,CAM,0.5,1,0.999964731,0.251239772,0.001339448,0.288917703
1.00E-05,4,DoublingTime,CAM,1,2,0.999924912,0.149197302,0.001392683,0.184308203
1.00E-05,4,GrowthYield,CAM,1,2,0.999982336,0.238476972,0.001388501,0.379407523
1.00E-05,4,DoublingTime,CAM,2,3,0.999967526,0.195709203,0.001429564,0.26928494
1.00E-05,4,GrowthYield,CAM,2,3,0.999993054,0.382889093,0.001426799,0.610641597
1.00E-05,4,DoublingTime,CIP,0.002,1,0.999914752,0.168525311,0.001392984,0.16359921
1.00E-05,4,GrowthYield,CIP,0.002,1,0.999963593,0.365039045,0.001442606,0.264421839
1.00E-05,4,DoublingTime,CIP,0.004,2,0.999956907,0.192118111,0.001407987,0.209927974
1.00E-05,4,GrowthYield,CIP,0.004,2,0.999989182,0.393825579,0.001403644,0.617122133
1.00E-05,4,DoublingTime,CIP,0.008,3,0.99991092,0.154335384,0.001353868,0.159795591
1.00E-05,4,GrowthYield,CIP,0.008,3,0.99999483,0.448286472,0.001438387,1.023009394
1.00E-05,4,DoublingTime,CTX,0.5,1,0.999952895,0.283143295,0.001353784,0.172097906
1.00E-05,4,GrowthYield,CTX,0.5,1,0.999996367,0.519809738,0.00144389,1.736117812
1.00E-05,4,DoublingTime,CTX,1,2,0.999927107,0.221071597,0.001380173,0.167613232
1.00E-05,4,GrowthYield,CTX,1,2,0.999996387,0.535139439,0.001452268,1.803666886
1.00E-05,4,DoublingTime,CTX,2,3,0.999957985,0.442173427,0.001376147,0.180456288
1.00E-05,4,GrowthYield,CTX,2,3,0.999996806,0.571071771,0.00154252,1.931424033
1.00E-05,4,DoublingTime,KAN,4,1,0.999889882,0.130890274,0.001329209,0.146013799
1.00E-05,4,GrowthYield,KAN,4,1,0.999987026,0.353885842,0.001408537,0.495331686
1.00E-05,4,DoublingTime,KAN,8,2,0.999938784,0.384285718,0.001369202,0.194114848
1.00E-05,4,GrowthYield,KAN,8,2,0.999995629,0.46248603,0.001434511,0.908406273
1.00E-05,4,DoublingTime,KAN,16,3,0.99998022,0.501051081,0.001332207,0.301676613
1.00E-05,4,GrowthYield,KAN,16,3,0.999997445,0.422254126,0.001550646,1.472199901
1.00E-05,4,DoublingTime,TET,0.3,1,0.999948504,0.201066679,0.001366827,0.222288042
1.00E-05,4,GrowthYield,TET,0.3,1,0.999980479,0.411558974,0.001415944,0.423190388
1.00E-05,4,DoublingTime,TET,0.6,2,0.999969861,0.206639803,0.001378045,0.2798656
1.00E-05,4,GrowthYield,TET,0.6,2,0.99999511,0.480249926,0.001450556,0.885461796
1.00E-05,4,DoublingTime,TET,1.25,3,0.999987445,0.569751666,0.001406751,0.349974098
1.00E-05,4,GrowthYield,TET,1.25,3,0.999996946,0.522682184,0.001492116,1.370480032
1.00E-05,4,DoublingTime,TRIM,0.125,1,0.999950061,0.259686412,0.001357675,0.195155258
1.00E-05,4,GrowthYield,TRIM,0.125,1,0.999992934,0.465889301,0.001366035,0.705631175
1.00E-05,4,DoublingTime,TRIM,0.25,2,0.999943654,0.332124173,0.001351744,0.197037183
1.00E-05,4,GrowthYield,TRIM,0.25,2,0.999995629,0.488142197,0.001370148,0.9309925
1.00E-05,4,DoublingTime,TRIM,0.5,3,0.999951897,0.24879113,0.001366892,0.217669053
1.00E-05,4,GrowthYield,TRIM,0.5,3,0.999997166,0.551783894,0.001435515,1.199191684
0.0001,1,DoublingTime,NoAntimicrbial,NA,2,0.998927608,0.287807332,0.012752441,0.318624075
0.0001,1,GrowthYield,NoAntimicrbial,NA,2,0.999753238,0.279698536,0.01266409,0.778457897
0.0001,1,DoublingTime,CAM,0.5,1,0.995828016,0.078847256,0.011958947,0.185222798
0.0001,1,GrowthYield,CAM,0.5,1,0.998048735,0.173687114,0.012486246,0.299206333
0.0001,1,DoublingTime,CAM,1,2,0.995478189,0.172835293,0.012670836,0.176366949
0.0001,1,GrowthYield,CAM,1,2,0.999231451,0.273385326,0.012233702,0.395869111
0.0001,1,DoublingTime,CAM,2,3,0.997887595,0.180665556,0.013087009,0.270732465
0.0001,1,GrowthYield,CAM,2,3,0.999730246,0.391639174,0.012647683,0.707889502
0.0001,1,DoublingTime,CIP,0.002,1,0.99452435,0.184049043,0.012577904,0.163161225
0.0001,1,GrowthYield,CIP,0.002,1,0.998010688,0.218215449,0.012934453,0.291544212
0.0001,1,DoublingTime,CIP,0.004,2,0.997292538,0.161405748,0.012566226,0.22800175
0.0001,1,GrowthYield,CIP,0.004,2,0.999546492,0.253354282,0.013016796,0.648925762
0.0001,1,DoublingTime,CIP,0.008,3,0.994825653,0.14629201,0.012302254,0.166181505
0.0001,1,GrowthYield,CIP,0.008,3,0.999854473,0.464568032,0.012347401,1.034824336
0.0001,1,DoublingTime,CTX,0.5,1,0.996812478,0.205065496,0.012299897,0.181940773
0.0001,1,GrowthYield,CTX,0.5,1,0.999913523,0.624569222,0.013008358,1.43915881
0.0001,1,DoublingTime,CTX,1,2,0.99510724,0.192538589,0.012515706,0.161591998
0.0001,1,GrowthYield,CTX,1,2,0.999927962,0.625582754,0.012369573,1.574266375
0.0001,1,DoublingTime,CTX,2,3,0.997624803,0.360113143,0.012327156,0.199462629
0.0001,1,GrowthYield,CTX,2,3,0.999925794,0.655079557,0.012315122,1.632807933
0.0001,1,DoublingTime,KAN,4,1,0.993468431,0.173141408,0.011896849,0.1360744
0.0001,1,GrowthYield,KAN,4,1,0.999477736,0.269927203,0.012378063,0.560635484
0.0001,1,DoublingTime,KAN,8,2,0.997290708,0.173353957,0.011407829,0.197407586
0.0001,1,GrowthYield,KAN,8,2,0.999880746,0.408102305,0.012378879,0.950143749
0.0001,1,DoublingTime,KAN,16,3,0.999111859,0.388067475,0.011883629,0.311687333
0.0001,1,GrowthYield,KAN,16,3,0.999936614,0.425303681,0.012924324,1.511354213
0.0001,1,DoublingTime,TET,0.3,1,0.997104866,0.185114496,0.01262744,0.218269512
0.0001,1,GrowthYield,TET,0.3,1,0.999409955,0.340663501,0.012281741,0.460886771
0.0001,1,DoublingTime,TET,0.6,2,0.998432135,0.121987799,0.013197895,0.309473707
0.0001,1,GrowthYield,TET,0.6,2,0.999861792,0.379233415,0.013090952,1.035651707
0.0001,1,DoublingTime,TET,1.25,3,0.999478094,0.496703047,0.012350474,0.375394921
0.0001,1,GrowthYield,TET,1.25,3,0.999928161,0.473498902,0.013694244,1.530378143
0.0001,1,DoublingTime,TRIM,0.125,1,0.997352384,0.247732804,0.012056025,0.208802668
0.0001,1,GrowthYield,TRIM,0.125,1,0.999772132,0.496835012,0.012493576,0.746952277
0.0001,1,DoublingTime,TRIM,0.25,2,0.997394349,0.323504851,0.011766033,0.202038709
0.0001,1,GrowthYield,TRIM,0.25,2,0.999890949,0.448171965,0.012288116,1.003900527
0.0001,1,DoublingTime,TRIM,0.5,3,0.997376091,0.170087832,0.012260176,0.223591555
0.0001,1,GrowthYield,TRIM,0.5,3,0.999934665,0.561810836,0.012519655,1.294182042
0.0001,2,DoublingTime,NoAntimicrbial,NA,2,0.998872635,0.319856346,0.0125345,0.336385196
0.0001,2,GrowthYield,NoAntimicrbial,NA,2,0.999662162,0.311180146,0.013131312,0.748363002
0.0001,2,DoublingTime,CAM,0.5,1,0.995076854,0.108251567,0.012471707,0.185902504
0.0001,2,GrowthYield,CAM,0.5,1,0.998130952,0.093454296,0.012580381,0.303577238
0.0001,2,DoublingTime,CAM,1,2,0.995912049,0.044269542,0.012444513,0.185069123
0.0001,2,GrowthYield,CAM,1,2,0.999109936,0.292878469,0.012536072,0.394668457
0.0001,2,DoublingTime,CAM,2,3,0.998042031,0.159686974,0.012481782,0.275490163
0.0001,2,GrowthYield,CAM,2,3,0.999688668,0.386402596,0.012711138,0.691389852
0.0001,2,DoublingTime,CIP,0.002,1,0.994711132,0.174185121,0.012032169,0.157298876
0.0001,2,GrowthYield,CIP,0.002,1,0.998198635,0.1884109,0.012475558,0.287539275
0.0001,2,DoublingTime,CIP,0.004,2,0.997944129,0.201310687,0.011898827,0.220469944
0.0001,2,GrowthYield,CIP,0.004,2,0.999614039,0.288487928,0.012385676,0.593609968
0.0001,2,DoublingTime,CIP,0.008,3,0.994911009,0.096285004,0.012274111,0.154113606
0.0001,2,GrowthYield,CIP,0.008,3,0.999829584,0.502610378,0.01295686,0.954621285
0.0001,2,DoublingTime,CTX,0.5,1,0.996852531,0.236919815,0.011772678,0.173343915
0.0001,2,GrowthYield,CTX,0.5,1,0.999893994,0.595455456,0.012850771,1.509988815
0.0001,2,DoublingTime,CTX,1,2,0.995452656,0.19010879,0.012091909,0.156702108
0.0001,2,GrowthYield,CTX,1,2,0.999909562,0.592033992,0.012634339,1.635827953
0.0001,2,DoublingTime,CTX,2,3,0.99774018,0.448129686,0.01205703,0.172972623
0.0001,2,GrowthYield,CTX,2,3,0.999922516,0.607275936,0.013065957,1.751381686
0.0001,2,DoublingTime,KAN,4,1,0.993751429,0.112237032,0.012343374,0.147274801
0.0001,2,GrowthYield,KAN,4,1,0.999458593,0.329411189,0.012796481,0.517683131
0.0001,2,DoublingTime,KAN,8,2,0.996687764,0.297335897,0.012423655,0.203498369
0.0001,2,GrowthYield,KAN,8,2,0.999877647,0.588554201,0.01264951,0.866566561
0.0001,2,DoublingTime,KAN,16,3,0.998844911,0.512745276,0.0125203,0.298268385
0.0001,2,GrowthYield,KAN,16,3,0.999948524,0.517296883,0.012710459,1.462870847
0.0001,2,DoublingTime,TET,0.3,1,0.997028137,0.299651834,0.012571808,0.212310448
0.0001,2,GrowthYield,TET,0.3,1,0.999341988,0.425220216,0.012754677,0.434469231
0.0001,2,DoublingTime,TET,0.6,2,0.99864695,0.210909944,0.012376333,0.293107567
0.0001,2,GrowthYield,TET,0.6,2,0.999865412,0.491165008,0.012453509,0.967623837
0.0001,2,DoublingTime,TET,1.25,3,0.999387217,0.505859539,0.012316627,0.39475324
0.0001,2,GrowthYield,TET,1.25,3,0.999934911,0.529478023,0.01301265,1.409535056
0.0001,2,DoublingTime,TRIM,0.125,1,0.997030492,0.23772943,0.012304699,0.211198752
0.0001,2,GrowthYield,TRIM,0.125,1,0.999796551,0.475681196,0.012454686,0.75661939
0.0001,2,DoublingTime,TRIM,0.25,2,0.997424238,0.325794411,0.011921978,0.204648348
0.0001,2,GrowthYield,TRIM,0.25,2,0.999874473,0.43203746,0.012676225,1.015911355
0.0001,2,DoublingTime,TRIM,0.5,3,0.997421783,0.148141539,0.011952514,0.232239993
0.0001,2,GrowthYield,TRIM,0.5,3,0.999936528,0.553769671,0.012508693,1.299999613
0.0001,3,DoublingTime,NoAntimicrbial,NA,2,0.998976316,0.266522082,0.011986468,0.324517663
0.0001,3,GrowthYield,NoAntimicrbial,NA,2,0.999682195,0.252697704,0.012576915,0.731481478
0.0001,3,DoublingTime,CAM,0.5,1,0.996014474,0.097519714,0.012231116,0.180851509
0.0001,3,GrowthYield,CAM,0.5,1,0.998371513,0.1845888,0.011768074,0.292686929
0.0001,3,DoublingTime,CAM,1,2,0.996234804,0.125739597,0.012078053,0.169657213
0.0001,3,GrowthYield,CAM,1,2,0.999240998,0.291336304,0.012013725,0.382132947
0.0001,3,DoublingTime,CAM,2,3,0.998305939,0.122734156,0.012229545,0.280621738
0.0001,3,GrowthYield,CAM,2,3,0.999742001,0.407393806,0.011978648,0.681325137
0.0001,3,DoublingTime,CIP,0.002,1,0.994234016,0.21736525,0.012251317,0.151824683
0.0001,3,GrowthYield,CIP,0.002,1,0.99833808,0.067544268,0.012371189,0.316101632
0.0001,3,DoublingTime,CIP,0.004,2,0.997913411,0.207360274,0.011749309,0.202409368
0.0001,3,GrowthYield,CIP,0.004,2,0.999608884,0.294037794,0.012180944,0.61553333
0.0001,3,DoublingTime,CIP,0.008,3,0.995520612,0.236208612,0.011826094,0.155250547
0.0001,3,GrowthYield,CIP,0.008,3,0.999888821,0.414401995,0.012100347,0.991216091
0.0001,3,DoublingTime,CTX,0.5,1,0.9969698,0.306007096,0.011745584,0.176043212
0.0001,3,GrowthYield,CTX,0.5,1,0.999924024,0.632482774,0.012939025,1.352088771
0.0001,3,DoublingTime,CTX,1,2,0.99511987,0.302963796,0.012422773,0.161694919
0.0001,3,GrowthYield,CTX,1,2,0.999934545,0.631818624,0.012232874,1.437916536
0.0001,3,DoublingTime,CTX,2,3,0.997777848,0.443263313,0.01176616,0.193009761
0.0001,3,GrowthYield,CTX,2,3,0.999940095,0.617983429,0.012471565,1.631899575
0.0001,3,DoublingTime,KAN,4,1,0.994254442,0.20456522,0.011275,0.136440108
0.0001,3,GrowthYield,KAN,4,1,0.99955403,0.303705827,0.011872216,0.58161784
0.0001,3,DoublingTime,KAN,8,2,0.99670289,0.224025679,0.011670772,0.206641396
0.0001,3,GrowthYield,KAN,8,2,0.999888363,0.432123117,0.012117504,0.929504611
0.0001,3,DoublingTime,KAN,16,3,0.999055156,0.36332194,0.011708411,0.312483694
0.0001,3,GrowthYield,KAN,16,3,0.999951312,0.405804281,0.012342686,1.539763003
0.0001,3,DoublingTime,TET,0.3,1,0.997357177,0.19988372,0.011856633,0.217600844
0.0001,3,GrowthYield,TET,0.3,1,0.999306473,0.428703934,0.01249523,0.426710516
0.0001,3,DoublingTime,TET,0.6,2,0.998816389,0.343578622,0.012051218,0.26291755
0.0001,3,GrowthYield,TET,0.6,2,0.999886474,0.471589741,0.012567469,0.973677485
0.0001,3,DoublingTime,TET,1.25,3,0.999457469,0.573623295,0.012366688,0.37273901
0.0001,3,GrowthYield,TET,1.25,3,0.999929852,0.561066101,0.012795306,1.393791787
0.0001,3,DoublingTime,TRIM,0.125,1,0.997031595,0.361215373,0.012761082,0.190645375
0.0001,3,GrowthYield,TRIM,0.125,1,0.999803159,0.490594274,0.012248581,0.763373363
0.0001,3,DoublingTime,TRIM,0.25,2,0.997669493,0.38691008,0.011967192,0.187595023
0.0001,3,GrowthYield,TRIM,0.25,2,0.999889557,0.51575301,0.012132535,1.023860765
0.0001,3,DoublingTime,TRIM,0.5,3,0.997463503,0.267934753,0.012330078,0.215020513
0.0001,3,GrowthYield,TRIM,0.5,3,0.999935301,0.635732133,0.012384355,1.263603167
0.0001,4,DoublingTime,NoAntimicrbial,NA,2,0.999071773,0.184089923,0.012009182,0.350057706
0.0001,4,GrowthYield,NoAntimicrbial,NA,2,0.99968292,0.291208405,0.013376755,0.785399881
0.0001,4,DoublingTime,CAM,0.5,1,0.99558928,0.137384314,0.012579784,0.185810353
0.0001,4,GrowthYield,CAM,0.5,1,0.998000914,0.193751252,0.012497984,0.304013933
0.0001,4,DoublingTime,CAM,1,2,0.995816023,0.151045556,0.012532964,0.181687539
0.0001,4,GrowthYield,CAM,1,2,0.999216561,0.281225477,0.012441047,0.388920718
0.0001,4,DoublingTime,CAM,2,3,0.997922412,0.226303323,0.013019274,0.26950207
0.0001,4,GrowthYield,CAM,2,3,0.999728049,0.316543508,0.012828415,0.667205588
0.0001,4,DoublingTime,CIP,0.002,1,0.994792987,0.180354887,0.012454113,0.158709293
0.0001,4,GrowthYield,CIP,0.002,1,0.997856386,0.34948674,0.012953461,0.268022341
0.0001,4,DoublingTime,CIP,0.004,2,0.997588646,0.188512035,0.012665933,0.204367507
0.0001,4,GrowthYield,CIP,0.004,2,0.999550088,0.388171654,0.012684281,0.639285369
0.0001,4,DoublingTime,CIP,0.008,3,0.994903684,0.192894549,0.012098391,0.158858696
0.0001,4,GrowthYield,CIP,0.008,3,0.999848466,0.458794873,0.012525614,1.056740354
0.0001,4,DoublingTime,CTX,0.5,1,0.996579243,0.296450298,0.012478894,0.17471497
0.0001,4,GrowthYield,CTX,0.5,1,0.999913135,0.618886119,0.012554496,1.444480938
0.0001,4,DoublingTime,CTX,1,2,0.995320722,0.273076356,0.012463765,0.157707925
0.0001,4,GrowthYield,CTX,1,2,0.99992072,0.608328488,0.012580454,1.605606143
0.0001,4,DoublingTime,CTX,2,3,0.997864829,0.400740746,0.012051674,0.189168603
0.0001,4,GrowthYield,CTX,2,3,0.999914273,0.623653374,0.012843192,1.66273058
0.0001,4,DoublingTime,KAN,4,1,0.993152498,0.177562707,0.011931342,0.140538544
0.0001,4,GrowthYield,KAN,4,1,0.999463303,0.406715734,0.012890226,0.498482658
0.0001,4,DoublingTime,KAN,8,2,0.995907478,0.349736099,0.012543576,0.201175991
0.0001,4,GrowthYield,KAN,8,2,0.999876789,0.444101412,0.01283936,0.957557935
0.0001,4,DoublingTime,KAN,16,3,0.998897684,0.481132315,0.012271228,0.314606302
0.0001,4,GrowthYield,KAN,16,3,0.999946747,0.437023037,0.013192913,1.488523116
0.0001,4,DoublingTime,TET,0.3,1,0.997193184,0.226565525,0.012307461,0.224691174
0.0001,4,GrowthYield,TET,0.3,1,0.999336519,0.389206548,0.013002795,0.455662499
0.0001,4,DoublingTime,TET,0.6,2,0.998605254,0.20928804,0.012424616,0.290002611
0.0001,4,GrowthYield,TET,0.6,2,0.999853336,0.510429874,0.01330273,0.918089823
0.0001,4,DoublingTime,TET,1.25,3,0.999414342,0.58210297,0.012672275,0.341015474
0.0001,4,GrowthYield,TET,1.25,3,0.999921219,0.516047411,0.013208654,1.40929798
0.0001,4,DoublingTime,TRIM,0.125,1,0.997127736,0.208036428,0.012407642,0.205367326
0.0001,4,GrowthYield,TRIM,0.125,1,0.999802159,0.399264391,0.011999389,0.774750274
0.0001,4,DoublingTime,TRIM,0.25,2,0.996969535,0.308527093,0.012053746,0.205581052
0.0001,4,GrowthYield,TRIM,0.25,2,0.9999107,0.482943647,0.011603581,0.972603365
0.0001,4,DoublingTime,TRIM,0.5,3,0.997247794,0.21687744,0.012276832,0.220380105
0.0001,4,GrowthYield,TRIM,0.5,3,0.999937366,0.583037264,0.012307911,1.178951183
0.001,1,DoublingTime,NoAntimicrbial,NA,2,0.946982797,0.304622008,0.093097926,0.290668771
0.001,1,GrowthYield,NoAntimicrbial,NA,2,0.982574063,0.306776709,0.106222188,0.679611555
0.001,1,DoublingTime,CAM,0.5,1,0.859043776,0.083833249,0.073300043,0.153608443
0.001,1,GrowthYield,CAM,0.5,1,0.91049814,0.257191533,0.088365975,0.235196971
0.001,1,DoublingTime,CAM,1,2,0.847598758,0.174222003,0.074424043,0.147620985
0.001,1,GrowthYield,CAM,1,2,0.957551404,0.318231133,0.095360946,0.333234425
0.001,1,DoublingTime,CAM,2,3,0.918987677,0.21220024,0.089074473,0.229675924
0.001,1,GrowthYield,CAM,2,3,0.983676408,0.442234097,0.105722322,0.613428824
0.001,1,DoublingTime,CIP,0.002,1,0.826322713,0.231169618,0.070820082,0.126511665
0.001,1,GrowthYield,CIP,0.002,1,0.928718402,0.184011725,0.09093795,0.251955107
0.001,1,DoublingTime,CIP,0.004,2,0.896253295,0.225394572,0.080559272,0.18353231
0.001,1,GrowthYield,CIP,0.004,2,0.977638621,0.318829841,0.106369434,0.564273683
0.001,1,DoublingTime,CIP,0.008,3,0.819665784,0.180208007,0.07148447,0.122717897
0.001,1,GrowthYield,CIP,0.008,3,0.990869483,0.473502147,0.107940637,0.995905139
0.001,1,DoublingTime,CTX,0.5,1,0.881880411,0.253539249,0.075103554,0.152904715
0.001,1,GrowthYield,CTX,0.5,1,0.995304757,0.665436619,0.115046479,1.379784951
0.001,1,DoublingTime,CTX,1,2,0.856036736,0.286661294,0.072901597,0.131636636
0.001,1,GrowthYield,CTX,1,2,0.995591914,0.63428539,0.112888682,1.548147482
0.001,1,DoublingTime,CTX,2,3,0.917981634,0.487260544,0.075099989,0.163026623
0.001,1,GrowthYield,CTX,2,3,0.994833051,0.660884379,0.114995038,1.627921679
0.001,1,DoublingTime,KAN,4,1,0.829069665,0.154882692,0.06450668,0.113582399
0.001,1,GrowthYield,KAN,4,1,0.972960364,0.317848219,0.097913193,0.491346391
0.001,1,DoublingTime,KAN,8,2,0.893052493,0.300429967,0.076090074,0.16356021
0.001,1,GrowthYield,KAN,8,2,0.99386617,0.449621413,0.106208442,0.88780844
0.001,1,DoublingTime,KAN,16,3,0.957844627,0.487249727,0.087829177,0.252228761
0.001,1,GrowthYield,KAN,16,3,0.996966777,0.448111932,0.113115994,1.446743931
0.001,1,DoublingTime,TET,0.3,1,0.903398722,0.276003526,0.078119673,0.17703381
0.001,1,GrowthYield,TET,0.3,1,0.967446114,0.415454467,0.099233656,0.39544545
0.001,1,DoublingTime,TET,0.6,2,0.932516236,0.162099103,0.088836772,0.264528429
0.001,1,GrowthYield,TET,0.6,2,0.992288281,0.427562223,0.112516705,0.927016393
0.001,1,DoublingTime,TET,1.25,3,0.973843035,0.571996452,0.092265828,0.334175005
0.001,1,GrowthYield,TET,1.25,3,0.996071576,0.506081732,0.117406154,1.462306059
0.001,1,DoublingTime,TRIM,0.125,1,0.901420767,0.336408182,0.076286368,0.174780866
0.001,1,GrowthYield,TRIM,0.125,1,0.98905772,0.563284081,0.104452411,0.67910653
0.001,1,DoublingTime,TRIM,0.25,2,0.906757621,0.421120834,0.074657722,0.169709086
0.001,1,GrowthYield,TRIM,0.25,2,0.994536288,0.465522072,0.102622413,0.962671569
0.001,1,DoublingTime,TRIM,0.5,3,0.907365408,0.208106091,0.077016184,0.186009931
0.001,1,GrowthYield,TRIM,0.5,3,0.99606722,0.579617952,0.110318446,1.25570158
0.001,2,DoublingTime,NoAntimicrbial,NA,2,0.948075019,0.350896743,0.090242475,0.302684952
0.001,2,GrowthYield,NoAntimicrbial,NA,2,0.983114872,0.328547528,0.105321398,0.707677295
0.001,2,DoublingTime,CAM,0.5,1,0.85076073,0.050979765,0.075096374,0.155863234
0.001,2,GrowthYield,CAM,0.5,1,0.915083333,0.205962359,0.086912059,0.249251851
0.001,2,DoublingTime,CAM,1,2,0.852533652,0.071483936,0.074030795,0.142705335
0.001,2,GrowthYield,CAM,1,2,0.954169481,0.322740564,0.095310137,0.347028289
0.001,2,DoublingTime,CAM,2,3,0.929017555,0.213100131,0.083669831,0.242522635
0.001,2,GrowthYield,CAM,2,3,0.98238255,0.467960159,0.106593307,0.629850195
0.001,2,DoublingTime,CIP,0.002,1,0.839667483,0.221486304,0.06813151,0.134084676
0.001,2,GrowthYield,CIP,0.002,1,0.938313318,0.280718197,0.085223096,0.247479412
0.001,2,DoublingTime,CIP,0.004,2,0.910001907,0.248989654,0.07726348,0.182929002
0.001,2,GrowthYield,CIP,0.004,2,0.980816431,0.32350523,0.098408826,0.549061432
0.001,2,DoublingTime,CIP,0.008,3,0.830067331,0.155639971,0.069737797,0.129110442
0.001,2,GrowthYield,CIP,0.008,3,0.990967866,0.533270316,0.110338094,0.919954024
0.001,2,DoublingTime,CTX,0.5,1,0.88750668,0.225147495,0.0735062,0.148678659
0.001,2,GrowthYield,CTX,0.5,1,0.994977016,0.622773125,0.113162755,1.417121126
0.001,2,DoublingTime,CTX,1,2,0.875297865,0.289065307,0.06906347,0.126708726
0.001,2,GrowthYield,CTX,1,2,0.995997357,0.617099937,0.10959924,1.507064211
0.001,2,DoublingTime,CTX,2,3,0.922576488,0.491270423,0.074163302,0.150912239
0.001,2,GrowthYield,CTX,2,3,0.995484033,0.619361828,0.114948912,1.731091941
0.001,2,DoublingTime,KAN,4,1,0.822784324,0.173650039,0.065620968,0.111534994
0.001,2,GrowthYield,KAN,4,1,0.97208485,0.36934932,0.10140069,0.460619296
0.001,2,DoublingTime,KAN,8,2,0.88208516,0.398533436,0.078844118,0.174196364
0.001,2,GrowthYield,KAN,8,2,0.993635658,0.60397273,0.108222464,0.845400389
0.001,2,DoublingTime,KAN,16,3,0.955738655,0.557381633,0.088969029,0.270290957
0.001,2,GrowthYield,KAN,16,3,0.99737853,0.524003894,0.112024949,1.452494331
0.001,2,DoublingTime,TET,0.3,1,0.897594225,0.327481063,0.077719506,0.180205804
0.001,2,GrowthYield,TET,0.3,1,0.970021139,0.488845325,0.09626138,0.38177632
0.001,2,DoublingTime,TET,0.6,2,0.93731621,0.252960672,0.085869904,0.259950649
0.001,2,GrowthYield,TET,0.6,2,0.991980423,0.511328316,0.108153839,0.910775179
0.001,2,DoublingTime,TET,1.25,3,0.971078461,0.58136934,0.091645424,0.34877544
0.001,2,GrowthYield,TET,1.25,3,0.99587189,0.540666543,0.115132712,1.379475729
0.001,2,DoublingTime,TRIM,0.125,1,0.900605054,0.297312392,0.07619589,0.185989744
0.001,2,GrowthYield,TRIM,0.125,1,0.988485715,0.491167683,0.106003741,0.744882311
0.001,2,DoublingTime,TRIM,0.25,2,0.901887566,0.38381322,0.076129062,0.171877506
0.001,2,GrowthYield,TRIM,0.25,2,0.993970307,0.443875063,0.107238445,0.970515131
0.001,2,DoublingTime,TRIM,0.5,3,0.89522514,0.24402441,0.078457657,0.192390723
0.001,2,GrowthYield,TRIM,0.5,3,0.996715687,0.55475587,0.106623854,1.267303236
0.001,3,DoublingTime,NoAntimicrbial,NA,2,0.952574216,0.296702506,0.090377552,0.281163333
0.001,3,GrowthYield,NoAntimicrbial,NA,2,0.984431452,0.275482158,0.101392992,0.697763551
0.001,3,DoublingTime,CAM,0.5,1,0.854696028,0.177852654,0.075080843,0.144155669
0.001,3,GrowthYield,CAM,0.5,1,0.92086931,0.222392887,0.084491297,0.245788179
0.001,3,DoublingTime,CAM,1,2,0.864594975,0.158035782,0.07368594,0.140590199
0.001,3,GrowthYield,CAM,1,2,0.961857222,0.334128006,0.090147224,0.349046861
0.001,3,DoublingTime,CAM,2,3,0.929072758,0.188248656,0.085051128,0.232234186
0.001,3,GrowthYield,CAM,2,3,0.986112923,0.444241149,0.100804447,0.629720573
0.001,3,DoublingTime,CIP,0.002,1,0.839174313,0.292849571,0.069048546,0.121998022
0.001,3,GrowthYield,CIP,0.002,1,0.935087538,0.194592694,0.084611105,0.262527092
0.001,3,DoublingTime,CIP,0.004,2,0.90397657,0.197463466,0.079737285,0.183738215
0.001,3,GrowthYield,CIP,0.004,2,0.980906295,0.361731874,0.096668025,0.556012119
0.001,3,DoublingTime,CIP,0.008,3,0.816898894,0.294728986,0.070339829,0.123667732
0.001,3,GrowthYield,CIP,0.008,3,0.993226283,0.428983007,0.103368955,0.935902777
0.001,3,DoublingTime,CTX,0.5,1,0.883083538,0.341576437,0.072103382,0.157457789
0.001,3,GrowthYield,CTX,0.5,1,0.995895802,0.636299473,0.114650293,1.305386903
0.001,3,DoublingTime,CTX,1,2,0.858172829,0.35599033,0.06971646,0.139877504
0.001,3,GrowthYield,CTX,1,2,0.995939772,0.648309879,0.112144678,1.393532724
0.001,3,DoublingTime,CTX,2,3,0.916171541,0.498861534,0.072374143,0.168904956
0.001,3,GrowthYield,CTX,2,3,0.995888378,0.617626475,0.112379808,1.584684544
0.001,3,DoublingTime,KAN,4,1,0.840135535,0.16712674,0.063662763,0.116437768
0.001,3,GrowthYield,KAN,4,1,0.977336608,0.33968296,0.093322683,0.51682576
0.001,3,DoublingTime,KAN,8,2,0.905536147,0.284566085,0.071207837,0.174658428
0.001,3,GrowthYield,KAN,8,2,0.994232907,0.427402676,0.104472496,0.919712363
0.001,3,DoublingTime,KAN,16,3,0.961036047,0.458678298,0.084157847,0.271354509
0.001,3,GrowthYield,KAN,16,3,0.997583394,0.415970427,0.108594423,1.543082171
0.001,3,DoublingTime,TET,0.3,1,0.901633454,0.35136075,0.07610769,0.174368392
0.001,3,GrowthYield,TET,0.3,1,0.967525545,0.470607578,0.095810127,0.392611012
0.001,3,DoublingTime,TET,0.6,2,0.939988134,0.350201192,0.087354781,0.240435126
0.001,3,GrowthYield,TET,0.6,2,0.993035827,0.492394726,0.108332965,0.939956896
0.001,3,DoublingTime,TET,1.25,3,0.972389571,0.646236303,0.09425177,0.317021193
0.001,3,GrowthYield,TET,1.25,3,0.995859341,0.576092224,0.115420598,1.347661866
0.001,3,DoublingTime,TRIM,0.125,1,0.896662039,0.391022618,0.078871526,0.165902035
0.001,3,GrowthYield,TRIM,0.125,1,0.989661985,0.5357105,0.10481467,0.72306347
0.001,3,DoublingTime,TRIM,0.25,2,0.90873494,0.45175394,0.07587288,0.159128088
0.001,3,GrowthYield,TRIM,0.25,2,0.993840792,0.530112278,0.105601553,0.991052485
0.001,3,DoublingTime,TRIM,0.5,3,0.904311844,0.318068881,0.07705187,0.180130273
0.001,3,GrowthYield,TRIM,0.5,3,0.996262833,0.630776428,0.107557718,1.265254484
0.001,4,DoublingTime,NoAntimicrbial,NA,2,0.9512957,0.221258884,0.086800952,0.312535018
0.001,4,GrowthYield,NoAntimicrbial,NA,2,0.981972578,0.333854704,0.110159059,0.707582231
0.001,4,DoublingTime,CAM,0.5,1,0.844197249,0.032945105,0.075644237,0.166924695
0.001,4,GrowthYield,CAM,0.5,1,0.916044614,0.263843111,0.083935266,0.258862677
0.001,4,DoublingTime,CAM,1,2,0.855625733,0.175709637,0.074364923,0.148528943
0.001,4,GrowthYield,CAM,1,2,0.960986964,0.33078534,0.093903384,0.338352628
0.001,4,DoublingTime,CAM,2,3,0.921360147,0.252342625,0.08741459,0.233472271
0.001,4,GrowthYield,CAM,2,3,0.985402656,0.363280154,0.105099518,0.62152642
0.001,4,DoublingTime,CIP,0.002,1,0.836045253,0.217303919,0.069415146,0.127836355
0.001,4,GrowthYield,CIP,0.002,1,0.928406708,0.345855515,0.088433302,0.242083061
0.001,4,DoublingTime,CIP,0.004,2,0.899050116,0.228620865,0.082161158,0.179215603
0.001,4,GrowthYield,CIP,0.004,2,0.979200252,0.396145261,0.09814795,0.568003878
0.001,4,DoublingTime,CIP,0.008,3,0.825332021,0.228050442,0.068585707,0.132307508
0.001,4,GrowthYield,CIP,0.008,3,0.990917747,0.50185695,0.10650376,0.983375598
0.001,4,DoublingTime,CTX,0.5,1,0.883239126,0.302467559,0.074690113,0.148285055
0.001,4,GrowthYield,CTX,0.5,1,0.995073342,0.627892479,0.112155013,1.406190487
0.001,4,DoublingTime,CTX,1,2,0.864612977,0.277791705,0.071028157,0.131731786
0.001,4,GrowthYield,CTX,1,2,0.995872788,0.611489356,0.108017122,1.599446385
0.001,4,DoublingTime,CTX,2,3,0.91534281,0.523569389,0.075250217,0.154552614
0.001,4,GrowthYield,CTX,2,3,0.994671772,0.638203426,0.11432202,1.614845519
0.001,4,DoublingTime,KAN,4,1,0.820049243,0.173683192,0.063670314,0.118805597
0.001,4,GrowthYield,KAN,4,1,0.972115388,0.427972263,0.100535019,0.451873283
0.001,4,DoublingTime,KAN,8,2,0.897405925,0.434434732,0.072989258,0.167948211
0.001,4,GrowthYield,KAN,8,2,0.99344886,0.460554835,0.110295374,0.918653725
0.001,4,DoublingTime,KAN,16,3,0.955915398,0.5401903,0.086678673,0.272484079
0.001,4,GrowthYield,KAN,16,3,0.997258672,0.446636742,0.11381656,1.444016924
0.001,4,DoublingTime,TET,0.3,1,0.900657843,0.300152157,0.076320931,0.177293549
0.001,4,GrowthYield,TET,0.3,1,0.965972045,0.443015148,0.099306589,0.395918492
0.001,4,DoublingTime,TET,0.6,2,0.932397794,0.284645336,0.089840133,0.246079163
0.001,4,GrowthYield,TET,0.6,2,0.99131776,0.513306066,0.113015091,0.863217822
0.001,4,DoublingTime,TET,1.25,3,0.972363887,0.656102704,0.093568908,0.301837755
0.001,4,GrowthYield,TET,1.25,3,0.995817141,0.516729136,0.118851155,1.363048867
0.001,4,DoublingTime,TRIM,0.125,1,0.901237832,0.2428033,0.076858854,0.178047935
0.001,4,GrowthYield,TRIM,0.125,1,0.99057458,0.421771996,0.100896023,0.728205113
0.001,4,DoublingTime,TRIM,0.25,2,0.910692143,0.380488075,0.072309916,0.16948357
0.001,4,GrowthYield,TRIM,0.25,2,0.994824958,0.506714637,0.101441772,0.909561308
0.001,4,DoublingTime,TRIM,0.5,3,0.902328975,0.280601009,0.077574808,0.179729753
0.001,4,GrowthYield,TRIM,0.5,3,0.99661541,0.586739659,0.10652292,1.158585191
0.01,1,DoublingTime,NoAntimicrbial,NA,2,0.466128181,0.450521725,0.245774939,0.259864238
0.01,1,GrowthYield,NoAntimicrbial,NA,2,0.717219057,0.427681807,0.441457789,0.524913956
0.01,1,DoublingTime,CAM,0.5,1,0.187526963,0.02164305,0.136705811,0.135442449
0.01,1,GrowthYield,CAM,0.5,1,0.468195968,0.3000932,0.202445856,0.205629379
0.01,1,DoublingTime,CAM,1,2,NA,NA,0.132245178,0.143776393
0.01,1,GrowthYield,CAM,1,2,0.529599027,0.373629428,0.282118867,0.299107867
0.01,1,DoublingTime,CAM,2,3,0.389077657,0.373829997,0.203883552,0.20284295
0.01,1,GrowthYield,CAM,2,3,0.730574423,0.550432671,0.431401601,0.535004457
0.01,1,DoublingTime,CIP,0.002,1,0.302944806,0.130675891,0.122108749,0.122452533
0.01,1,GrowthYield,CIP,0.002,1,0.316387933,0.066900551,0.231991207,0.219199389
0.01,1,DoublingTime,CIP,0.004,2,0.35622278,0.236819132,0.161769183,0.172728244
0.01,1,GrowthYield,CIP,0.004,2,0.653054328,0.332564441,0.412698878,0.507290925
0.01,1,DoublingTime,CIP,0.008,3,0.183807576,0.083791793,0.123003739,0.116761776
0.01,1,GrowthYield,CIP,0.008,3,0.83366678,0.617279798,0.529272125,0.794109539
0.01,1,DoublingTime,CTX,0.5,1,0.359929114,0.377812504,0.141644886,0.143088615
0.01,1,GrowthYield,CTX,0.5,1,0.883105102,0.723486831,0.641091166,1.090607392
0.01,1,DoublingTime,CTX,1,2,0.360994362,0.323318518,0.12884582,0.12868706
0.01,1,GrowthYield,CTX,1,2,0.892006399,0.698677108,0.663279338,1.229031768
0.01,1,DoublingTime,CTX,2,3,0.548281825,0.542135714,0.152287357,0.154548589
0.01,1,GrowthYield,CTX,2,3,0.885988657,0.695474802,0.669091657,1.396029772
0.01,1,DoublingTime,KAN,4,1,0.143980572,-0.0592859,0.110881881,0.108000638
0.01,1,GrowthYield,KAN,4,1,0.661494543,0.390846304,0.34549088,0.400678484
0.01,1,DoublingTime,KAN,8,2,0.51826232,0.364392141,0.155036797,0.148698625
0.01,1,GrowthYield,KAN,8,2,0.85452766,0.547977263,0.512395549,0.753730804
0.01,1,DoublingTime,KAN,16,3,0.649941483,0.53554326,0.237563428,0.230247731
0.01,1,GrowthYield,KAN,16,3,0.909308782,0.498346115,0.645333366,1.224881264
0.01,1,DoublingTime,TET,0.3,1,0.458803421,0.357835713,0.160933245,0.152042879
0.01,1,GrowthYield,TET,0.3,1,0.701981622,0.563340903,0.304809877,0.314874867
0.01,1,DoublingTime,TET,0.6,2,0.448592971,0.267658101,0.224351266,0.231298074
0.01,1,GrowthYield,TET,0.6,2,0.846119272,0.581437333,0.522240909,0.747372075
0.01,1,DoublingTime,TET,1.25,3,0.748536383,0.6367075,0.274291807,0.28314981
0.01,1,GrowthYield,TET,1.25,3,0.897953059,0.603784249,0.645027372,1.189734442
0.01,1,DoublingTime,TRIM,0.125,1,0.433960743,0.372297612,0.158267043,0.159859725
0.01,1,GrowthYield,TRIM,0.125,1,0.818976288,0.595992385,0.451266213,0.606673706
0.01,1,DoublingTime,TRIM,0.25,2,0.526297638,0.393663201,0.152191615,0.165660961
0.01,1,GrowthYield,TRIM,0.25,2,0.859524601,0.571809863,0.536337733,0.809545647
0.01,1,DoublingTime,TRIM,0.5,3,0.346001796,0.326869279,0.168296517,0.172969894
0.01,1,GrowthYield,TRIM,0.5,3,0.901111673,0.676668758,0.610122738,1.019108159
0.01,2,DoublingTime,NoAntimicrbial,NA,2,0.492465584,0.457309192,0.243452221,0.261176694
0.01,2,GrowthYield,NoAntimicrbial,NA,2,0.731924031,0.357312658,0.42340468,0.6043178
0.01,2,DoublingTime,CAM,0.5,1,0.192226718,0.052951415,0.137123426,0.134649101
0.01,2,GrowthYield,CAM,0.5,1,0.470609464,0.353410151,0.202089613,0.203575641
0.01,2,DoublingTime,CAM,1,2,0.186688112,-0.100730774,0.136611167,0.129420456
0.01,2,GrowthYield,CAM,1,2,0.547568945,0.388986449,0.274858011,0.30798592
0.01,2,DoublingTime,CAM,2,3,0.396828412,0.252038638,0.198956422,0.214621002
0.01,2,GrowthYield,CAM,2,3,0.746598512,0.503910684,0.422836683,0.552448866
0.01,2,DoublingTime,CIP,0.002,1,0.280455822,0.192356237,0.121237292,0.126456896
0.01,2,GrowthYield,CIP,0.002,1,0.308546086,0.129208534,0.226537338,0.237538468
0.01,2,DoublingTime,CIP,0.004,2,0.338054288,0.287336457,0.16489539,0.165150247
0.01,2,GrowthYield,CIP,0.004,2,0.684929714,0.338905565,0.401374147,0.479735409
0.01,2,DoublingTime,CIP,0.008,3,0.17860177,-0.023318166,0.12211921,0.119930581
0.01,2,GrowthYield,CIP,0.008,3,0.852120874,0.631047461,0.518203889,0.794433405
0.01,2,DoublingTime,CTX,0.5,1,0.432609696,0.26727512,0.141699492,0.132777881
0.01,2,GrowthYield,CTX,0.5,1,0.891533914,0.679860316,0.626300989,1.158270544
0.01,2,DoublingTime,CTX,1,2,0.387505133,0.280716835,0.129798341,0.119193606
0.01,2,GrowthYield,CTX,1,2,0.901713033,0.667072366,0.632341632,1.287762429
0.01,2,DoublingTime,CTX,2,3,0.587184174,0.529780755,0.151861007,0.145853383
0.01,2,GrowthYield,CTX,2,3,0.898851627,0.664366337,0.65614899,1.359679727
0.01,2,DoublingTime,KAN,4,1,NA,NA,0.110640504,0.109078723
0.01,2,GrowthYield,KAN,4,1,0.637084432,0.435146957,0.35170675,0.409928449
0.01,2,DoublingTime,KAN,8,2,0.485896642,0.415408833,0.153435954,0.166361455
0.01,2,GrowthYield,KAN,8,2,0.855924099,0.670540384,0.513712613,0.720326053
0.01,2,DoublingTime,KAN,16,3,0.628492644,0.571949573,0.233553936,0.259712984
0.01,2,GrowthYield,KAN,16,3,0.907933281,0.635865015,0.651124724,1.159651822
0.01,2,DoublingTime,TET,0.3,1,0.467369314,0.364551347,0.155851357,0.165812119
0.01,2,GrowthYield,TET,0.3,1,0.684202661,0.565973821,0.301398146,0.340920049
0.01,2,DoublingTime,TET,0.6,2,0.445918917,0.335390781,0.220620239,0.238812021
0.01,2,GrowthYield,TET,0.6,2,0.842224508,0.610983147,0.507534782,0.736205161
0.01,2,DoublingTime,TET,1.25,3,0.746795324,0.645993528,0.264677101,0.321939534
0.01,2,GrowthYield,TET,1.25,3,0.900470315,0.598993574,0.627670923,1.178519002
0.01,2,DoublingTime,TRIM,0.125,1,0.440067231,0.325510206,0.157603906,0.161206173
0.01,2,GrowthYield,TRIM,0.125,1,0.826381861,0.536849976,0.443769608,0.639916324
0.01,2,DoublingTime,TRIM,0.25,2,0.510168997,0.496879109,0.157175634,0.151452912
0.01,2,GrowthYield,TRIM,0.25,2,0.870003768,0.50733857,0.522007189,0.846398406
0.01,2,DoublingTime,TRIM,0.5,3,0.398478436,0.225366581,0.16717797,0.171727289
0.01,2,GrowthYield,TRIM,0.5,3,0.908071423,0.61011146,0.596739554,1.098706219
0.01,3,DoublingTime,NoAntimicrbial,NA,2,0.531518229,0.323955829,0.244995742,0.249200608
0.01,3,GrowthYield,NoAntimicrbial,NA,2,0.721552225,0.362851951,0.429352209,0.570236455
0.01,3,DoublingTime,CAM,0.5,1,0.114387941,-0.021415852,0.137587558,0.135022348
0.01,3,GrowthYield,CAM,0.5,1,0.463800869,0.393115836,0.203744995,0.199008541
0.01,3,DoublingTime,CAM,1,2,NA,NA,0.137516282,0.128951248
0.01,3,GrowthYield,CAM,1,2,0.565216642,0.393173746,0.276400573,0.302241397
0.01,3,DoublingTime,CAM,2,3,0.434309158,0.244268344,0.201178302,0.202974522
0.01,3,GrowthYield,CAM,2,3,0.749964422,0.521869355,0.42842184,0.520718735
0.01,3,DoublingTime,CIP,0.002,1,0.271857409,0.238649541,0.122757768,0.121833164
0.01,3,GrowthYield,CIP,0.002,1,0.309169583,0.067427371,0.224637268,0.244798381
0.01,3,DoublingTime,CIP,0.004,2,0.379084514,0.267220844,0.164570613,0.162021357
0.01,3,GrowthYield,CIP,0.004,2,0.667833442,0.326602279,0.401442894,0.506938856
0.01,3,DoublingTime,CIP,0.008,3,0.13962304,0.198475856,0.120356545,0.127116465
0.01,3,GrowthYield,CIP,0.008,3,0.854282556,0.525248046,0.519267953,0.772259099
0.01,3,DoublingTime,CTX,0.5,1,0.429477615,0.313413539,0.135364436,0.157722819
0.01,3,GrowthYield,CTX,0.5,1,0.881926737,0.688691603,0.661366369,1.113407389
0.01,3,DoublingTime,CTX,1,2,0.38381878,0.326139281,0.12363147,0.144153673
0.01,3,GrowthYield,CTX,1,2,0.892865516,0.678862941,0.664842476,1.195106106
0.01,3,DoublingTime,CTX,2,3,0.608390555,0.446456238,0.145052538,0.17272861
0.01,3,GrowthYield,CTX,2,3,0.890793328,0.654773983,0.677940713,1.338757971
0.01,3,DoublingTime,KAN,4,1,NA,NA,0.110247464,0.111111009
0.01,3,GrowthYield,KAN,4,1,0.665085953,0.340626229,0.34232115,0.433277852
0.01,3,DoublingTime,KAN,8,2,0.501518024,0.358476384,0.154011156,0.156563397
0.01,3,GrowthYield,KAN,8,2,0.854278842,0.520581688,0.515067282,0.78335405
0.01,3,DoublingTime,KAN,16,3,0.656492162,0.496483986,0.232910831,0.250397675
0.01,3,GrowthYield,KAN,16,3,0.910170743,0.490197298,0.646179948,1.240637132
0.01,3,DoublingTime,TET,0.3,1,0.449444234,0.420222226,0.156514168,0.166957253
0.01,3,GrowthYield,TET,0.3,1,0.691771237,0.594355535,0.300081596,0.337481792
0.01,3,DoublingTime,TET,0.6,2,0.412058887,0.385411777,0.229730049,0.218724948
0.01,3,GrowthYield,TET,0.6,2,0.833416324,0.630514662,0.527797482,0.685661898
0.01,3,DoublingTime,TET,1.25,3,0.73454444,0.676243666,0.279431433,0.28245334
0.01,3,GrowthYield,TET,1.25,3,0.89907127,0.622987809,0.645791017,1.111244065
0.01,3,DoublingTime,TRIM,0.125,1,0.418662867,0.400468111,0.158242602,0.164063791
0.01,3,GrowthYield,TRIM,0.125,1,0.820044579,0.554809483,0.447827714,0.657377793
0.01,3,DoublingTime,TRIM,0.25,2,0.511518575,0.495620716,0.15711924,0.153667525
0.01,3,GrowthYield,TRIM,0.25,2,0.859563612,0.572725503,0.530068622,0.892354601
0.01,3,DoublingTime,TRIM,0.5,3,0.354521608,0.371435344,0.167247201,0.177029568
0.01,3,GrowthYield,TRIM,0.5,3,0.902613834,0.653010308,0.607425106,1.100514048
0.01,4,DoublingTime,NoAntimicrbial,NA,2,0.532176579,0.329463916,0.238543458,0.263575016
0.01,4,GrowthYield,NoAntimicrbial,NA,2,0.70263213,0.421973252,0.445234131,0.552659
0.01,4,DoublingTime,CAM,0.5,1,0.181463929,0.115568746,0.13448751,0.142719069
0.01,4,GrowthYield,CAM,0.5,1,0.446449649,0.369448171,0.196642243,0.232199621
0.01,4,DoublingTime,CAM,1,2,NA,NA,0.133793667,0.139789381
0.01,4,GrowthYield,CAM,1,2,0.576401394,0.352207405,0.276948616,0.294552413
0.01,4,DoublingTime,CAM,2,3,0.41915372,0.295240288,0.200244245,0.208813952
0.01,4,GrowthYield,CAM,2,3,0.759753273,0.484750163,0.428796656,0.526499601
0.01,4,DoublingTime,CIP,0.002,1,0.249475139,0.254658408,0.123499769,0.122433155
0.01,4,GrowthYield,CIP,0.002,1,0.298259923,0.117470676,0.229245435,0.233180479
0.01,4,DoublingTime,CIP,0.004,2,0.340249417,0.247685516,0.164911314,0.166718649
0.01,4,GrowthYield,CIP,0.004,2,0.658950424,0.315332029,0.394489864,0.528882127
0.01,4,DoublingTime,CIP,0.008,3,0.211883227,0.051943608,0.120125641,0.124875492
0.01,4,GrowthYield,CIP,0.008,3,0.841663678,0.565185076,0.520961849,0.858649193
0.01,4,DoublingTime,CTX,0.5,1,0.374706948,0.301176856,0.142922076,0.139848541
0.01,4,GrowthYield,CTX,0.5,1,0.890582553,0.668880487,0.621711335,1.208882774
0.01,4,DoublingTime,CTX,1,2,0.344245127,0.323499075,0.130156924,0.126564645
0.01,4,GrowthYield,CTX,1,2,0.902597084,0.672845619,0.630353692,1.317413935
0.01,4,DoublingTime,CTX,2,3,0.55472101,0.564546266,0.154936292,0.149278579
0.01,4,GrowthYield,CTX,2,3,0.891170406,0.69888492,0.65651077,1.34134112
0.01,4,DoublingTime,KAN,4,1,NA,NA,0.108981219,0.114039409
0.01,4,GrowthYield,KAN,4,1,0.633561485,0.397476121,0.351887697,0.398402605
0.01,4,DoublingTime,KAN,8,2,0.473632007,0.423377166,0.153033566,0.162799529
0.01,4,GrowthYield,KAN,8,2,0.853060663,0.546408833,0.520490495,0.756650328
0.01,4,DoublingTime,KAN,16,3,0.640483509,0.551012447,0.229046399,0.255309979
0.01,4,GrowthYield,KAN,16,3,0.914815354,0.507889729,0.649056906,1.193868396
0.01,4,DoublingTime,TET,0.3,1,0.475883755,0.319292238,0.156735236,0.163821637
0.01,4,GrowthYield,TET,0.3,1,0.69023505,0.580487918,0.303525888,0.3293181
0.01,4,DoublingTime,TET,0.6,2,0.439992392,0.321544595,0.223709673,0.235730302
0.01,4,GrowthYield,TET,0.6,2,0.838933922,0.607671379,0.52607506,0.732852631
0.01,4,DoublingTime,TET,1.25,3,0.745955654,0.645771406,0.275050435,0.299518708
0.01,4,GrowthYield,TET,1.25,3,0.894880246,0.648088429,0.655904093,1.074659702
0.01,4,DoublingTime,TRIM,0.125,1,0.451406058,0.361975553,0.157508149,0.158696992
0.01,4,GrowthYield,TRIM,0.125,1,0.829055366,0.534853764,0.449525511,0.601847905
0.01,4,DoublingTime,TRIM,0.25,2,0.549900752,0.432373302,0.152109756,0.165257555
0.01,4,GrowthYield,TRIM,0.25,2,0.875959329,0.531404938,0.517865132,0.830200711
0.01,4,DoublingTime,TRIM,0.5,3,0.41142877,0.286217464,0.168419696,0.162725184
0.01,4,GrowthYield,TRIM,0.5,3,0.906593509,0.598877991,0.617126851,1.054493099
0.1,1,DoublingTime,NoAntimicrbial,NA,2,NA,NA,0.289354012,0.299415346
0.1,1,GrowthYield,NoAntimicrbial,NA,2,NA,NA,0.640915352,0.623541429
0.1,1,DoublingTime,CAM,0.5,1,NA,NA,0.137600464,0.135423202
0.1,1,GrowthYield,CAM,0.5,1,NA,NA,0.228048386,0.216066715
0.1,1,DoublingTime,CAM,1,2,NA,NA,0.132245178,0.143776393
0.1,1,GrowthYield,CAM,1,2,NA,NA,0.3350791,0.33151192
0.1,1,DoublingTime,CAM,2,3,NA,NA,0.216531548,0.212744298
0.1,1,GrowthYield,CAM,2,3,0.391376539,0.277933527,0.621262124,0.637115792
0.1,1,DoublingTime,CIP,0.002,1,NA,NA,0.125254256,0.123438158
0.1,1,GrowthYield,CIP,0.002,1,NA,NA,0.240982231,0.220801348
0.1,1,DoublingTime,CIP,0.004,2,NA,NA,0.172664259,0.179673303
0.1,1,GrowthYield,CIP,0.004,2,NA,NA,0.550219633,0.546219831
0.1,1,DoublingTime,CIP,0.008,3,NA,NA,0.123625856,0.117138901
0.1,1,GrowthYield,CIP,0.008,3,0.529015423,0.549683247,0.855724874,0.88603824
0.1,1,DoublingTime,CTX,0.5,1,NA,NA,0.151010064,0.151839767
0.1,1,GrowthYield,CTX,0.5,1,0.695278091,0.671823411,1.200783441,1.211446454
0.1,1,DoublingTime,CTX,1,2,NA,NA,0.135730884,0.134415332
0.1,1,GrowthYield,CTX,1,2,0.704821268,0.68087077,1.279753009,1.2809436
0.1,1,DoublingTime,CTX,2,3,NA,NA,0.187029732,0.186308248
0.1,1,GrowthYield,CTX,2,3,0.706322093,0.697374635,1.376468176,1.434079895
0.1,1,DoublingTime,KAN,4,1,NA,NA,0.111028365,0.107904889
0.1,1,GrowthYield,KAN,4,1,NA,NA,0.455629613,0.453660909
0.1,1,DoublingTime,KAN,8,2,NA,NA,0.179725403,0.165275439
0.1,1,GrowthYield,KAN,8,2,0.525477087,0.448962658,0.866863866,0.858212177
0.1,1,DoublingTime,KAN,16,3,NA,NA,0.310985916,0.275179457
0.1,1,GrowthYield,KAN,16,3,0.54042703,0.412774101,1.25424534,1.367721838
0.1,1,DoublingTime,TET,0.3,1,NA,NA,0.178542382,0.162630637
0.1,1,GrowthYield,TET,0.3,1,NA,NA,0.413333064,0.384730085
0.1,1,DoublingTime,TET,0.6,2,NA,NA,0.242945577,0.238561248
0.1,1,GrowthYield,TET,0.6,2,0.604790546,0.662390637,0.827733886,0.787566212
0.1,1,DoublingTime,TET,1.25,3,0.507370402,0.500089469,0.42397518,0.383457359
0.1,1,GrowthYield,TET,1.25,3,0.636422571,0.593830473,1.163270723,1.131838262
0.1,1,DoublingTime,TRIM,0.125,1,NA,NA,0.172241492,0.173873222
0.1,1,GrowthYield,TRIM,0.125,1,0.48003311,0.561832149,0.711281046,0.731811378
0.1,1,DoublingTime,TRIM,0.25,2,NA,NA,0.175003215,0.179658293
0.1,1,GrowthYield,TRIM,0.25,2,0.499940011,0.533925223,0.943988457,0.920649101
0.1,1,DoublingTime,TRIM,0.5,3,NA,NA,0.176456167,0.176542545
0.1,1,GrowthYield,TRIM,0.5,3,0.583588571,0.607653198,1.190628582,1.214553513
0.1,2,DoublingTime,NoAntimicrbial,NA,2,NA,NA,0.289561874,0.304487434
0.1,2,GrowthYield,NoAntimicrbial,NA,2,NA,NA,0.624446602,0.673687097
0.1,2,DoublingTime,CAM,0.5,1,NA,NA,0.137932994,0.134919756
0.1,2,GrowthYield,CAM,0.5,1,NA,NA,0.226144818,0.219461225
0.1,2,DoublingTime,CAM,1,2,NA,NA,0.137295181,0.128830215
0.1,2,GrowthYield,CAM,1,2,NA,NA,0.328538102,0.34623616
0.1,2,DoublingTime,CAM,2,3,NA,NA,0.213280011,0.222109219
0.1,2,GrowthYield,CAM,2,3,0.357004848,0.230528188,0.615377452,0.657004628
0.1,2,DoublingTime,CIP,0.002,1,NA,NA,0.12332116,0.127602786
0.1,2,GrowthYield,CIP,0.002,1,NA,NA,0.234591614,0.239749289
0.1,2,DoublingTime,CIP,0.004,2,NA,NA,0.174246764,0.174912158
0.1,2,GrowthYield,CIP,0.004,2,NA,NA,0.55647972,0.530180967
0.1,2,DoublingTime,CIP,0.008,3,NA,NA,0.122729622,0.119708355
0.1,2,GrowthYield,CIP,0.008,3,0.544847621,0.547733758,0.872164107,0.847822931
0.1,2,DoublingTime,CTX,0.5,1,NA,NA,0.155215772,0.138880342
0.1,2,GrowthYield,CTX,0.5,1,0.695734814,0.72748823,1.176728237,1.16478832
0.1,2,DoublingTime,CTX,1,2,NA,NA,0.139005544,0.124880346
0.1,2,GrowthYield,CTX,1,2,0.699504374,0.715844559,1.261306596,1.224020651
0.1,2,DoublingTime,CTX,2,3,NA,NA,0.189965555,0.177707886
0.1,2,GrowthYield,CTX,2,3,0.707038091,0.693758883,1.361850121,1.317193655
0.1,2,DoublingTime,KAN,4,1,NA,NA,0.110640504,0.109078723
0.1,2,GrowthYield,KAN,4,1,NA,NA,0.452565769,0.457011394
0.1,2,DoublingTime,KAN,8,2,NA,NA,0.172355458,0.186523105
0.1,2,GrowthYield,KAN,8,2,0.453675748,0.579708566,0.877614259,0.910177581
0.1,2,DoublingTime,KAN,16,3,NA,NA,0.293509888,0.325096491
0.1,2,GrowthYield,KAN,16,3,0.492575095,0.587350981,1.301831577,1.335298657
0.1,2,DoublingTime,TET,0.3,1,NA,NA,0.172781775,0.178520165
0.1,2,GrowthYield,TET,0.3,1,NA,NA,0.402781612,0.415985569
0.1,2,DoublingTime,TET,0.6,2,NA,NA,0.238542362,0.251773842
0.1,2,GrowthYield,TET,0.6,2,0.638670288,0.562764468,0.796605626,0.861282235
0.1,2,DoublingTime,TET,1.25,3,NA,NA,0.406489862,0.442285202
0.1,2,GrowthYield,TET,1.25,3,0.661260741,0.603849235,1.138252334,1.200900253
0.1,2,DoublingTime,TRIM,0.125,1,NA,NA,0.172693409,0.172661478
0.1,2,GrowthYield,TRIM,0.125,1,0.499817997,0.461869064,0.706659115,0.728671246
0.1,2,DoublingTime,TRIM,0.25,2,NA,NA,0.177305359,0.172732486
0.1,2,GrowthYield,TRIM,0.25,2,0.538213579,0.380108034,0.919405371,0.930701846
0.1,2,DoublingTime,TRIM,0.5,3,NA,NA,0.176813229,0.177866873
0.1,2,GrowthYield,TRIM,0.5,3,0.62200497,0.53709747,1.174608936,1.216507983
0.1,3,DoublingTime,NoAntimicrbial,NA,2,NA,NA,0.299541591,0.279228302
0.1,3,GrowthYield,NoAntimicrbial,NA,2,NA,NA,0.639396369,0.628034506
0.1,3,DoublingTime,CAM,0.5,1,NA,NA,0.13763892,0.135029217
0.1,3,GrowthYield,CAM,0.5,1,NA,NA,0.22738434,0.214876193
0.1,3,DoublingTime,CAM,1,2,NA,NA,0.137516282,0.128951248
0.1,3,GrowthYield,CAM,1,2,NA,NA,0.332353465,0.338297706
0.1,3,DoublingTime,CAM,2,3,NA,NA,0.217402747,0.210339694
0.1,3,GrowthYield,CAM,2,3,0.385735143,0.379291084,0.631474155,0.631992545
0.1,3,DoublingTime,CIP,0.002,1,NA,NA,0.125167466,0.123639769
0.1,3,GrowthYield,CIP,0.002,1,NA,NA,0.232488563,0.24602162
0.1,3,DoublingTime,CIP,0.004,2,NA,NA,0.176369372,0.168535761
0.1,3,GrowthYield,CIP,0.004,2,NA,NA,0.553217709,0.542045559
0.1,3,DoublingTime,CIP,0.008,3,NA,NA,0.120551354,0.127404075
0.1,3,GrowthYield,CIP,0.008,3,0.576129706,0.508504677,0.8717925,0.801426386
0.1,3,DoublingTime,CTX,0.5,1,NA,NA,0.146225921,0.166100054
0.1,3,GrowthYield,CTX,0.5,1,0.702448906,0.656760472,1.164979356,1.239535063
0.1,3,DoublingTime,CTX,1,2,NA,NA,0.130324446,0.150787737
0.1,3,GrowthYield,CTX,1,2,0.708080178,0.661323404,1.244439204,1.343072754
0.1,3,DoublingTime,CTX,2,3,NA,NA,0.182387611,0.20041541
0.1,3,GrowthYield,CTX,2,3,0.707815927,0.669632389,1.341640818,1.43191291
0.1,3,DoublingTime,KAN,4,1,NA,NA,0.110247464,0.111111009
0.1,3,GrowthYield,KAN,4,1,NA,NA,0.449360301,0.470059912
0.1,3,DoublingTime,KAN,8,2,NA,NA,0.176944126,0.169270367
0.1,3,GrowthYield,KAN,8,2,0.531822661,0.395259861,0.856269694,0.895615159
0.1,3,DoublingTime,KAN,16,3,NA,NA,0.302532797,0.297139593
0.1,3,GrowthYield,KAN,16,3,0.549516473,0.403832737,1.272929116,1.300822703
0.1,3,DoublingTime,TET,0.3,1,NA,NA,0.171495039,0.181826319
0.1,3,GrowthYield,TET,0.3,1,NA,NA,0.402675224,0.420847035
0.1,3,DoublingTime,TET,0.6,2,NA,NA,0.246244664,0.229733393
0.1,3,GrowthYield,TET,0.6,2,0.599337544,0.597652429,0.814593365,0.813214996
0.1,3,DoublingTime,TET,1.25,3,NA,NA,0.418229433,0.40810362
0.1,3,GrowthYield,TET,1.25,3,0.645866914,0.648728273,1.161229878,1.158265519
0.1,3,DoublingTime,TRIM,0.125,1,NA,NA,0.171787844,0.175557776
0.1,3,GrowthYield,TRIM,0.125,1,0.54070253,0.468916431,0.70370558,0.725152012
0.1,3,DoublingTime,TRIM,0.25,2,NA,NA,0.177320174,0.172994914
0.1,3,GrowthYield,TRIM,0.25,2,0.528463176,0.445207333,0.916511889,1.01088288
0.1,3,DoublingTime,TRIM,0.5,3,NA,NA,0.174616289,0.185643601
0.1,3,GrowthYield,TRIM,0.5,3,0.610484437,0.556918309,1.161552436,1.246000703
0.1,4,DoublingTime,NoAntimicrbial,NA,2,NA,NA,0.293259377,0.290914402
0.1,4,GrowthYield,NoAntimicrbial,NA,2,NA,NA,0.641964355,0.621601529
0.1,4,DoublingTime,CAM,0.5,1,NA,NA,0.13494724,0.142851873
0.1,4,GrowthYield,CAM,0.5,1,NA,NA,0.216519471,0.248466009
0.1,4,DoublingTime,CAM,1,2,NA,NA,0.133793667,0.139789381
0.1,4,GrowthYield,CAM,1,2,NA,NA,0.338310918,0.320532139
0.1,4,DoublingTime,CAM,2,3,NA,NA,0.215202143,0.217028459
0.1,4,GrowthYield,CAM,2,3,0.342912733,0.293111271,0.639362381,0.590828701
0.1,4,DoublingTime,CIP,0.002,1,NA,NA,0.124724903,0.124018672
0.1,4,GrowthYield,CIP,0.002,1,NA,NA,0.235643453,0.237042663
0.1,4,DoublingTime,CIP,0.004,2,NA,NA,0.174389412,0.174489771
0.1,4,GrowthYield,CIP,0.004,2,NA,NA,0.538163199,0.580194885
0.1,4,DoublingTime,CIP,0.008,3,NA,NA,0.12116294,0.124974533
0.1,4,GrowthYield,CIP,0.008,3,0.576539859,0.47928946,0.816411145,0.915588591
0.1,4,DoublingTime,CTX,0.5,1,NA,NA,0.152514283,0.148423864
0.1,4,GrowthYield,CTX,0.5,1,0.709916089,0.637058771,1.16079075,1.251080278
0.1,4,DoublingTime,CTX,1,2,NA,NA,0.136400135,0.132538666
0.1,4,GrowthYield,CTX,1,2,0.712136277,0.647904025,1.240670257,1.375455029
0.1,4,DoublingTime,CTX,2,3,NA,NA,0.187993498,0.183690256
0.1,4,GrowthYield,CTX,2,3,0.707479098,0.660670891,1.350661722,1.439499695
0.1,4,DoublingTime,KAN,4,1,NA,NA,0.108981219,0.114039409
0.1,4,GrowthYield,KAN,4,1,NA,NA,0.459889443,0.436088976
0.1,4,DoublingTime,KAN,8,2,NA,NA,0.173090424,0.181878791
0.1,4,GrowthYield,KAN,8,2,0.495811339,0.501607497,0.876078389,0.839218653
0.1,4,DoublingTime,KAN,16,3,NA,NA,0.298670553,0.308552826
0.1,4,GrowthYield,KAN,16,3,0.525001585,0.488163187,1.29518271,1.224597156
0.1,4,DoublingTime,TET,0.3,1,NA,NA,0.174326291,0.174472823
0.1,4,GrowthYield,TET,0.3,1,NA,NA,0.407307867,0.404360542
0.1,4,DoublingTime,TET,0.6,2,NA,NA,0.240619055,0.249364605
0.1,4,GrowthYield,TET,0.6,2,0.605458538,0.568670011,0.808578744,0.813913443
0.1,4,DoublingTime,TET,1.25,3,NA,NA,0.412010964,0.426522671
0.1,4,GrowthYield,TET,1.25,3,0.610550052,0.592828785,1.151974996,1.146176004
0.1,4,DoublingTime,TRIM,0.125,1,NA,NA,0.173964537,0.168792162
0.1,4,GrowthYield,TRIM,0.125,1,0.511713364,0.497986959,0.718519732,0.669701727
0.1,4,DoublingTime,TRIM,0.25,2,NA,NA,0.174975061,0.179884411
0.1,4,GrowthYield,TRIM,0.25,2,0.510678172,0.501672425,0.942739574,0.901424316
0.1,4,DoublingTime,TRIM,0.5,3,NA,NA,0.179670413,0.168929498
0.1,4,GrowthYield,TRIM,0.5,3,0.611166791,0.579962801,1.184433613,1.108629365
1,1,DoublingTime,NoAntimicrbial,NA,2,NA,NA,0.289354012,0.299415346
1,1,GrowthYield,NoAntimicrbial,NA,2,NA,NA,0.640915352,0.623541429
1,1,DoublingTime,CAM,0.5,1,NA,NA,0.137600464,0.135423202
1,1,GrowthYield,CAM,0.5,1,NA,NA,0.228048386,0.216066715
1,1,DoublingTime,CAM,1,2,NA,NA,0.132245178,0.143776393
1,1,GrowthYield,CAM,1,2,NA,NA,0.3350791,0.33151192
1,1,DoublingTime,CAM,2,3,NA,NA,0.216531548,0.212744298
1,1,GrowthYield,CAM,2,3,NA,NA,0.63173308,0.643460173
1,1,DoublingTime,CIP,0.002,1,NA,NA,0.125254256,0.123438158
1,1,GrowthYield,CIP,0.002,1,NA,NA,0.240982231,0.220801348
1,1,DoublingTime,CIP,0.004,2,NA,NA,0.172664259,0.179673303
1,1,GrowthYield,CIP,0.004,2,NA,NA,0.550219633,0.546219831
1,1,DoublingTime,CIP,0.008,3,NA,NA,0.123625856,0.117138901
1,1,GrowthYield,CIP,0.008,3,NA,NA,0.973091282,1.004693091
1,1,DoublingTime,CTX,0.5,1,NA,NA,0.151010064,0.151839767
1,1,GrowthYield,CTX,0.5,1,NA,NA,2.052130304,2.123560044
1,1,DoublingTime,CTX,1,2,NA,NA,0.135730884,0.134415332
1,1,GrowthYield,CTX,1,2,NA,NA,2.274706281,2.364652524
1,1,DoublingTime,CTX,2,3,NA,NA,0.187029732,0.186308248
1,1,GrowthYield,CTX,2,3,NA,NA,2.54688459,2.697501162
1,1,DoublingTime,KAN,4,1,NA,NA,0.111028365,0.107904889
1,1,GrowthYield,KAN,4,1,NA,NA,0.455629613,0.453660909
1,1,DoublingTime,KAN,8,2,NA,NA,0.179725403,0.165275439
1,1,GrowthYield,KAN,8,2,NA,NA,0.974261098,0.954262701
1,1,DoublingTime,KAN,16,3,NA,NA,0.310985916,0.275179457
1,1,GrowthYield,KAN,16,3,NA,NA,1.534872794,1.610052982
1,1,DoublingTime,TET,0.3,1,NA,NA,0.178542382,0.162630637
1,1,GrowthYield,TET,0.3,1,NA,NA,0.413333064,0.384730085
1,1,DoublingTime,TET,0.6,2,NA,NA,0.242945577,0.238561248
1,1,GrowthYield,TET,0.6,2,NA,NA,0.985718673,0.949635106
1,1,DoublingTime,TET,1.25,3,NA,NA,0.425766743,0.385274203
1,1,GrowthYield,TET,1.25,3,NA,NA,1.674870148,1.612300202
1,1,DoublingTime,TRIM,0.125,1,NA,NA,0.172241492,0.173873222
1,1,GrowthYield,TRIM,0.125,1,NA,NA,0.766153547,0.791234801
1,1,DoublingTime,TRIM,0.25,2,NA,NA,0.175003215,0.179658293
1,1,GrowthYield,TRIM,0.25,2,NA,NA,1.068456852,1.060407922
1,1,DoublingTime,TRIM,0.5,3,NA,NA,0.176456167,0.176542545
1,1,GrowthYield,TRIM,0.5,3,NA,NA,1.514074421,1.560024178
1,2,DoublingTime,NoAntimicrbial,NA,2,NA,NA,0.289561874,0.304487434
1,2,GrowthYield,NoAntimicrbial,NA,2,NA,NA,0.624446602,0.673687097
1,2,DoublingTime,CAM,0.5,1,NA,NA,0.137932994,0.134919756
1,2,GrowthYield,CAM,0.5,1,NA,NA,0.226144818,0.219461225
1,2,DoublingTime,CAM,1,2,NA,NA,0.137295181,0.128830215
1,2,GrowthYield,CAM,1,2,NA,NA,0.328538102,0.34623616
1,2,DoublingTime,CAM,2,3,NA,NA,0.213280011,0.222109219
1,2,GrowthYield,CAM,2,3,NA,NA,0.624210713,0.663869853
1,2,DoublingTime,CIP,0.002,1,NA,NA,0.12332116,0.127602786
1,2,GrowthYield,CIP,0.002,1,NA,NA,0.234591614,0.239749289
1,2,DoublingTime,CIP,0.004,2,NA,NA,0.174246764,0.174912158
1,2,GrowthYield,CIP,0.004,2,NA,NA,0.55647972,0.530180967
1,2,DoublingTime,CIP,0.008,3,NA,NA,0.122729622,0.119708355
1,2,GrowthYield,CIP,0.008,3,NA,NA,0.983810997,0.979157791
1,2,DoublingTime,CTX,0.5,1,NA,NA,0.155215772,0.138880342
1,2,GrowthYield,CTX,0.5,1,NA,NA,2.069676663,2.063493644
1,2,DoublingTime,CTX,1,2,NA,NA,0.139005544,0.124880346
1,2,GrowthYield,CTX,1,2,NA,NA,2.303395146,2.263593351
1,2,DoublingTime,CTX,2,3,NA,NA,0.189965555,0.177707886
1,2,GrowthYield,CTX,2,3,NA,NA,2.59157967,2.54194101
1,2,DoublingTime,KAN,4,1,NA,NA,0.110640504,0.109078723
1,2,GrowthYield,KAN,4,1,NA,NA,0.452565769,0.457011394
1,2,DoublingTime,KAN,8,2,NA,NA,0.172355458,0.186523105
1,2,GrowthYield,KAN,8,2,NA,NA,0.952203802,1.015314647
1,2,DoublingTime,KAN,16,3,NA,NA,0.293509888,0.325096491
1,2,GrowthYield,KAN,16,3,NA,NA,1.523708751,1.638696426
1,2,DoublingTime,TET,0.3,1,NA,NA,0.172781775,0.178520165
1,2,GrowthYield,TET,0.3,1,NA,NA,0.402781612,0.415985569
1,2,DoublingTime,TET,0.6,2,NA,NA,0.238542362,0.251773842
1,2,GrowthYield,TET,0.6,2,NA,NA,0.96516871,1.010622864
1,2,DoublingTime,TET,1.25,3,NA,NA,0.406489862,0.442285202
1,2,GrowthYield,TET,1.25,3,NA,NA,1.647611991,1.701365086
1,2,DoublingTime,TRIM,0.125,1,NA,NA,0.172693409,0.172661478
1,2,GrowthYield,TRIM,0.125,1,NA,NA,0.765067724,0.794525612
1,2,DoublingTime,TRIM,0.25,2,NA,NA,0.177305359,0.172732486
1,2,GrowthYield,TRIM,0.25,2,NA,NA,1.068087986,1.061414297
1,2,DoublingTime,TRIM,0.5,3,NA,NA,0.176813229,0.177866873
1,2,GrowthYield,TRIM,0.5,3,NA,NA,1.513090051,1.561189467
1,3,DoublingTime,NoAntimicrbial,NA,2,NA,NA,0.299541591,0.279228302
1,3,GrowthYield,NoAntimicrbial,NA,2,NA,NA,0.639396369,0.628034506
1,3,DoublingTime,CAM,0.5,1,NA,NA,0.13763892,0.135029217
1,3,GrowthYield,CAM,0.5,1,NA,NA,0.22738434,0.214876193
1,3,DoublingTime,CAM,1,2,NA,NA,0.137516282,0.128951248
1,3,GrowthYield,CAM,1,2,NA,NA,0.332353465,0.338297706
1,3,DoublingTime,CAM,2,3,NA,NA,0.217402747,0.210339694
1,3,GrowthYield,CAM,2,3,NA,NA,0.635194983,0.635307198
1,3,DoublingTime,CIP,0.002,1,NA,NA,0.125167466,0.123639769
1,3,GrowthYield,CIP,0.002,1,NA,NA,0.232488563,0.24602162
1,3,DoublingTime,CIP,0.004,2,NA,NA,0.176369372,0.168535761
1,3,GrowthYield,CIP,0.004,2,NA,NA,0.553217709,0.542045559
1,3,DoublingTime,CIP,0.008,3,NA,NA,0.120551354,0.127404075
1,3,GrowthYield,CIP,0.008,3,NA,NA,1.006572831,0.916204717
1,3,DoublingTime,CTX,0.5,1,NA,NA,0.146225921,0.166100054
1,3,GrowthYield,CTX,0.5,1,NA,NA,2.073518285,2.074003322
1,3,DoublingTime,CTX,1,2,NA,NA,0.130324446,0.150787737
1,3,GrowthYield,CTX,1,2,NA,NA,2.301719906,2.295568
1,3,DoublingTime,CTX,2,3,NA,NA,0.182387611,0.20041541
1,3,GrowthYield,CTX,2,3,NA,NA,2.592236863,2.578356172
1,3,DoublingTime,KAN,4,1,NA,NA,0.110247464,0.111111009
1,3,GrowthYield,KAN,4,1,NA,NA,0.449360301,0.470059912
1,3,DoublingTime,KAN,8,2,NA,NA,0.176944126,0.169270367
1,3,GrowthYield,KAN,8,2,NA,NA,0.969749996,0.963324423
1,3,DoublingTime,KAN,16,3,NA,NA,0.302532797,0.297139593
1,3,GrowthYield,KAN,16,3,NA,NA,1.570729983,1.497032375
1,3,DoublingTime,TET,0.3,1,NA,NA,0.171495039,0.181826319
1,3,GrowthYield,TET,0.3,1,NA,NA,0.402675224,0.420847035
1,3,DoublingTime,TET,0.6,2,NA,NA,0.246244664,0.229733393
1,3,GrowthYield,TET,0.6,2,NA,NA,0.972078123,0.991225966
1,3,DoublingTime,TET,1.25,3,NA,NA,0.418229433,0.40810362
1,3,GrowthYield,TET,1.25,3,NA,NA,1.645327993,1.701710057
1,3,DoublingTime,TRIM,0.125,1,NA,NA,0.171787844,0.175557776
1,3,GrowthYield,TRIM,0.125,1,NA,NA,0.769922921,0.785258372
1,3,DoublingTime,TRIM,0.25,2,NA,NA,0.177320174,0.172994914
1,3,GrowthYield,TRIM,0.25,2,NA,NA,1.045503655,1.136186782
1,3,DoublingTime,TRIM,0.5,3,NA,NA,0.174616289,0.185643601
1,3,GrowthYield,TRIM,0.5,3,NA,NA,1.514358581,1.556574738
1,4,DoublingTime,NoAntimicrbial,NA,2,NA,NA,0.293259377,0.290914402
1,4,GrowthYield,NoAntimicrbial,NA,2,NA,NA,0.641964355,0.621601529
1,4,DoublingTime,CAM,0.5,1,NA,NA,0.13494724,0.142851873
1,4,GrowthYield,CAM,0.5,1,NA,NA,0.216519471,0.248466009
1,4,DoublingTime,CAM,1,2,NA,NA,0.133793667,0.139789381
1,4,GrowthYield,CAM,1,2,NA,NA,0.338310918,0.320532139
1,4,DoublingTime,CAM,2,3,NA,NA,0.215202143,0.217028459
1,4,GrowthYield,CAM,2,3,NA,NA,0.646674123,0.597411934
1,4,DoublingTime,CIP,0.002,1,NA,NA,0.124724903,0.124018672
1,4,GrowthYield,CIP,0.002,1,NA,NA,0.235643453,0.237042663
1,4,DoublingTime,CIP,0.004,2,NA,NA,0.174389412,0.174489771
1,4,GrowthYield,CIP,0.004,2,NA,NA,0.538163199,0.580194885
1,4,DoublingTime,CIP,0.008,3,NA,NA,0.12116294,0.124974533
1,4,GrowthYield,CIP,0.008,3,NA,NA,0.961081798,1.024624803
1,4,DoublingTime,CTX,0.5,1,NA,NA,0.152514283,0.148423864
1,4,GrowthYield,CTX,0.5,1,NA,NA,2.091108403,2.027996514
1,4,DoublingTime,CTX,1,2,NA,NA,0.136400135,0.132538666
1,4,GrowthYield,CTX,1,2,NA,NA,2.309393564,2.267311842
1,4,DoublingTime,CTX,2,3,NA,NA,0.187993498,0.183690256
1,4,GrowthYield,CTX,2,3,NA,NA,2.608080718,2.523486627
1,4,DoublingTime,KAN,4,1,NA,NA,0.108981219,0.114039409
1,4,GrowthYield,KAN,4,1,NA,NA,0.459889443,0.436088976
1,4,DoublingTime,KAN,8,2,NA,NA,0.173090424,0.181878791
1,4,GrowthYield,KAN,8,2,NA,NA,0.976903811,0.940051434
1,4,DoublingTime,KAN,16,3,NA,NA,0.298670553,0.308552826
1,4,GrowthYield,KAN,16,3,NA,NA,1.581711461,1.469632336
1,4,DoublingTime,TET,0.3,1,NA,NA,0.174326291,0.174472823
1,4,GrowthYield,TET,0.3,1,NA,NA,0.407307867,0.404360542
1,4,DoublingTime,TET,0.6,2,NA,NA,0.240619055,0.249364605
1,4,GrowthYield,TET,0.6,2,NA,NA,0.983838023,0.955170508
1,4,DoublingTime,TET,1.25,3,NA,NA,0.412010964,0.426522671
1,4,GrowthYield,TET,1.25,3,NA,NA,1.671501829,1.624873162
1,4,DoublingTime,TRIM,0.125,1,NA,NA,0.173964537,0.168792162
1,4,GrowthYield,TRIM,0.125,1,NA,NA,0.791254946,0.724256954
1,4,DoublingTime,TRIM,0.25,2,NA,NA,0.174975061,0.179884411
1,4,GrowthYield,TRIM,0.25,2,NA,NA,1.085476324,1.013298285
1,4,DoublingTime,TRIM,0.5,3,NA,NA,0.179670413,0.168929498
1,4,GrowthYield,TRIM,0.5,3,NA,NA,1.558772602,1.425374362
10,1,DoublingTime,NoAntimicrbial,NA,2,NA,NA,0.289354012,0.299415346
10,1,GrowthYield,NoAntimicrbial,NA,2,NA,NA,0.640915352,0.623541429
10,1,DoublingTime,CAM,0.5,1,NA,NA,0.137600464,0.135423202
10,1,GrowthYield,CAM,0.5,1,NA,NA,0.228048386,0.216066715
10,1,DoublingTime,CAM,1,2,NA,NA,0.132245178,0.143776393
10,1,GrowthYield,CAM,1,2,NA,NA,0.3350791,0.33151192
10,1,DoublingTime,CAM,2,3,NA,NA,0.216531548,0.212744298
10,1,GrowthYield,CAM,2,3,NA,NA,0.63173308,0.643460173
10,1,DoublingTime,CIP,0.002,1,NA,NA,0.125254256,0.123438158
10,1,GrowthYield,CIP,0.002,1,NA,NA,0.240982231,0.220801348
10,1,DoublingTime,CIP,0.004,2,NA,NA,0.172664259,0.179673303
10,1,GrowthYield,CIP,0.004,2,NA,NA,0.550219633,0.546219831
10,1,DoublingTime,CIP,0.008,3,NA,NA,0.123625856,0.117138901
10,1,GrowthYield,CIP,0.008,3,NA,NA,0.973091282,1.004693091
10,1,DoublingTime,CTX,0.5,1,NA,NA,0.151010064,0.151839767
10,1,GrowthYield,CTX,0.5,1,NA,NA,2.052130304,2.123560044
10,1,DoublingTime,CTX,1,2,NA,NA,0.135730884,0.134415332
10,1,GrowthYield,CTX,1,2,NA,NA,2.274706281,2.364652524
10,1,DoublingTime,CTX,2,3,NA,NA,0.187029732,0.186308248
10,1,GrowthYield,CTX,2,3,NA,NA,2.54688459,2.697501162
10,1,DoublingTime,KAN,4,1,NA,NA,0.111028365,0.107904889
10,1,GrowthYield,KAN,4,1,NA,NA,0.455629613,0.453660909
10,1,DoublingTime,KAN,8,2,NA,NA,0.179725403,0.165275439
10,1,GrowthYield,KAN,8,2,NA,NA,0.974261098,0.954262701
10,1,DoublingTime,KAN,16,3,NA,NA,0.310985916,0.275179457
10,1,GrowthYield,KAN,16,3,NA,NA,1.534872794,1.610052982
10,1,DoublingTime,TET,0.3,1,NA,NA,0.178542382,0.162630637
10,1,GrowthYield,TET,0.3,1,NA,NA,0.413333064,0.384730085
10,1,DoublingTime,TET,0.6,2,NA,NA,0.242945577,0.238561248
10,1,GrowthYield,TET,0.6,2,NA,NA,0.985718673,0.949635106
10,1,DoublingTime,TET,1.25,3,NA,NA,0.425766743,0.385274203
10,1,GrowthYield,TET,1.25,3,NA,NA,1.674870148,1.612300202
10,1,DoublingTime,TRIM,0.125,1,NA,NA,0.172241492,0.173873222
10,1,GrowthYield,TRIM,0.125,1,NA,NA,0.766153547,0.791234801
10,1,DoublingTime,TRIM,0.25,2,NA,NA,0.175003215,0.179658293
10,1,GrowthYield,TRIM,0.25,2,NA,NA,1.068456852,1.060407922
10,1,DoublingTime,TRIM,0.5,3,NA,NA,0.176456167,0.176542545
10,1,GrowthYield,TRIM,0.5,3,NA,NA,1.514074421,1.560024178
10,2,DoublingTime,NoAntimicrbial,NA,2,NA,NA,0.289561874,0.304487434
10,2,GrowthYield,NoAntimicrbial,NA,2,NA,NA,0.624446602,0.673687097
10,2,DoublingTime,CAM,0.5,1,NA,NA,0.137932994,0.134919756
10,2,GrowthYield,CAM,0.5,1,NA,NA,0.226144818,0.219461225
10,2,DoublingTime,CAM,1,2,NA,NA,0.137295181,0.128830215
10,2,GrowthYield,CAM,1,2,NA,NA,0.328538102,0.34623616
10,2,DoublingTime,CAM,2,3,NA,NA,0.213280011,0.222109219
10,2,GrowthYield,CAM,2,3,NA,NA,0.624210713,0.663869853
10,2,DoublingTime,CIP,0.002,1,NA,NA,0.12332116,0.127602786
10,2,GrowthYield,CIP,0.002,1,NA,NA,0.234591614,0.239749289
10,2,DoublingTime,CIP,0.004,2,NA,NA,0.174246764,0.174912158
10,2,GrowthYield,CIP,0.004,2,NA,NA,0.55647972,0.530180967
10,2,DoublingTime,CIP,0.008,3,NA,NA,0.122729622,0.119708355
10,2,GrowthYield,CIP,0.008,3,NA,NA,0.983810997,0.979157791
10,2,DoublingTime,CTX,0.5,1,NA,NA,0.155215772,0.138880342
10,2,GrowthYield,CTX,0.5,1,NA,NA,2.069676663,2.063493644
10,2,DoublingTime,CTX,1,2,NA,NA,0.139005544,0.124880346
10,2,GrowthYield,CTX,1,2,NA,NA,2.303395146,2.263593351
10,2,DoublingTime,CTX,2,3,NA,NA,0.189965555,0.177707886
10,2,GrowthYield,CTX,2,3,NA,NA,2.59157967,2.54194101
10,2,DoublingTime,KAN,4,1,NA,NA,0.110640504,0.109078723
10,2,GrowthYield,KAN,4,1,NA,NA,0.452565769,0.457011394
10,2,DoublingTime,KAN,8,2,NA,NA,0.172355458,0.186523105
10,2,GrowthYield,KAN,8,2,NA,NA,0.952203802,1.015314647
10,2,DoublingTime,KAN,16,3,NA,NA,0.293509888,0.325096491
10,2,GrowthYield,KAN,16,3,NA,NA,1.523708751,1.638696426
10,2,DoublingTime,TET,0.3,1,NA,NA,0.172781775,0.178520165
10,2,GrowthYield,TET,0.3,1,NA,NA,0.402781612,0.415985569
10,2,DoublingTime,TET,0.6,2,NA,NA,0.238542362,0.251773842
10,2,GrowthYield,TET,0.6,2,NA,NA,0.96516871,1.010622864
10,2,DoublingTime,TET,1.25,3,NA,NA,0.406489862,0.442285202
10,2,GrowthYield,TET,1.25,3,NA,NA,1.647611991,1.701365086
10,2,DoublingTime,TRIM,0.125,1,NA,NA,0.172693409,0.172661478
10,2,GrowthYield,TRIM,0.125,1,NA,NA,0.765067724,0.794525612
10,2,DoublingTime,TRIM,0.25,2,NA,NA,0.177305359,0.172732486
10,2,GrowthYield,TRIM,0.25,2,NA,NA,1.068087986,1.061414297
10,2,DoublingTime,TRIM,0.5,3,NA,NA,0.176813229,0.177866873
10,2,GrowthYield,TRIM,0.5,3,NA,NA,1.513090051,1.561189467
10,3,DoublingTime,NoAntimicrbial,NA,2,NA,NA,0.299541591,0.279228302
10,3,GrowthYield,NoAntimicrbial,NA,2,NA,NA,0.639396369,0.628034506
10,3,DoublingTime,CAM,0.5,1,NA,NA,0.13763892,0.135029217
10,3,GrowthYield,CAM,0.5,1,NA,NA,0.22738434,0.214876193
10,3,DoublingTime,CAM,1,2,NA,NA,0.137516282,0.128951248
10,3,GrowthYield,CAM,1,2,NA,NA,0.332353465,0.338297706
10,3,DoublingTime,CAM,2,3,NA,NA,0.217402747,0.210339694
10,3,GrowthYield,CAM,2,3,NA,NA,0.635194983,0.635307198
10,3,DoublingTime,CIP,0.002,1,NA,NA,0.125167466,0.123639769
10,3,GrowthYield,CIP,0.002,1,NA,NA,0.232488563,0.24602162
10,3,DoublingTime,CIP,0.004,2,NA,NA,0.176369372,0.168535761
10,3,GrowthYield,CIP,0.004,2,NA,NA,0.553217709,0.542045559
10,3,DoublingTime,CIP,0.008,3,NA,NA,0.120551354,0.127404075
10,3,GrowthYield,CIP,0.008,3,NA,NA,1.006572831,0.916204717
10,3,DoublingTime,CTX,0.5,1,NA,NA,0.146225921,0.166100054
10,3,GrowthYield,CTX,0.5,1,NA,NA,2.073518285,2.074003322
10,3,DoublingTime,CTX,1,2,NA,NA,0.130324446,0.150787737
10,3,GrowthYield,CTX,1,2,NA,NA,2.301719906,2.295568
10,3,DoublingTime,CTX,2,3,NA,NA,0.182387611,0.20041541
10,3,GrowthYield,CTX,2,3,NA,NA,2.592236863,2.578356172
10,3,DoublingTime,KAN,4,1,NA,NA,0.110247464,0.111111009
10,3,GrowthYield,KAN,4,1,NA,NA,0.449360301,0.470059912
10,3,DoublingTime,KAN,8,2,NA,NA,0.176944126,0.169270367
10,3,GrowthYield,KAN,8,2,NA,NA,0.969749996,0.963324423
10,3,DoublingTime,KAN,16,3,NA,NA,0.302532797,0.297139593
10,3,GrowthYield,KAN,16,3,NA,NA,1.570729983,1.497032375
10,3,DoublingTime,TET,0.3,1,NA,NA,0.171495039,0.181826319
10,3,GrowthYield,TET,0.3,1,NA,NA,0.402675224,0.420847035
10,3,DoublingTime,TET,0.6,2,NA,NA,0.246244664,0.229733393
10,3,GrowthYield,TET,0.6,2,NA,NA,0.972078123,0.991225966
10,3,DoublingTime,TET,1.25,3,NA,NA,0.418229433,0.40810362
10,3,GrowthYield,TET,1.25,3,NA,NA,1.645327993,1.701710057
10,3,DoublingTime,TRIM,0.125,1,NA,NA,0.171787844,0.175557776
10,3,GrowthYield,TRIM,0.125,1,NA,NA,0.769922921,0.785258372
10,3,DoublingTime,TRIM,0.25,2,NA,NA,0.177320174,0.172994914
10,3,GrowthYield,TRIM,0.25,2,NA,NA,1.045503655,1.136186782
10,3,DoublingTime,TRIM,0.5,3,NA,NA,0.174616289,0.185643601
10,3,GrowthYield,TRIM,0.5,3,NA,NA,1.514358581,1.556574738
10,4,DoublingTime,NoAntimicrbial,NA,2,NA,NA,0.293259377,0.290914402
10,4,GrowthYield,NoAntimicrbial,NA,2,NA,NA,0.641964355,0.621601529
10,4,DoublingTime,CAM,0.5,1,NA,NA,0.13494724,0.142851873
10,4,GrowthYield,CAM,0.5,1,NA,NA,0.216519471,0.248466009
10,4,DoublingTime,CAM,1,2,NA,NA,0.133793667,0.139789381
10,4,GrowthYield,CAM,1,2,NA,NA,0.338310918,0.320532139
10,4,DoublingTime,CAM,2,3,NA,NA,0.215202143,0.217028459
10,4,GrowthYield,CAM,2,3,NA,NA,0.646674123,0.597411934
10,4,DoublingTime,CIP,0.002,1,NA,NA,0.124724903,0.124018672
10,4,GrowthYield,CIP,0.002,1,NA,NA,0.235643453,0.237042663
10,4,DoublingTime,CIP,0.004,2,NA,NA,0.174389412,0.174489771
10,4,GrowthYield,CIP,0.004,2,NA,NA,0.538163199,0.580194885
10,4,DoublingTime,CIP,0.008,3,NA,NA,0.12116294,0.124974533
10,4,GrowthYield,CIP,0.008,3,NA,NA,0.961081798,1.024624803
10,4,DoublingTime,CTX,0.5,1,NA,NA,0.152514283,0.148423864
10,4,GrowthYield,CTX,0.5,1,NA,NA,2.091108403,2.027996514
10,4,DoublingTime,CTX,1,2,NA,NA,0.136400135,0.132538666
10,4,GrowthYield,CTX,1,2,NA,NA,2.309393564,2.267311842
10,4,DoublingTime,CTX,2,3,NA,NA,0.187993498,0.183690256
10,4,GrowthYield,CTX,2,3,NA,NA,2.608080718,2.523486627
10,4,DoublingTime,KAN,4,1,NA,NA,0.108981219,0.114039409
10,4,GrowthYield,KAN,4,1,NA,NA,0.459889443,0.436088976
10,4,DoublingTime,KAN,8,2,NA,NA,0.173090424,0.181878791
10,4,GrowthYield,KAN,8,2,NA,NA,0.976903811,0.940051434
10,4,DoublingTime,KAN,16,3,NA,NA,0.298670553,0.308552826
10,4,GrowthYield,KAN,16,3,NA,NA,1.581711461,1.469632336
10,4,DoublingTime,TET,0.3,1,NA,NA,0.174326291,0.174472823
10,4,GrowthYield,TET,0.3,1,NA,NA,0.407307867,0.404360542
10,4,DoublingTime,TET,0.6,2,NA,NA,0.240619055,0.249364605
10,4,GrowthYield,TET,0.6,2,NA,NA,0.983838023,0.955170508
10,4,DoublingTime,TET,1.25,3,NA,NA,0.412010964,0.426522671
10,4,GrowthYield,TET,1.25,3,NA,NA,1.671501829,1.624873162
10,4,DoublingTime,TRIM,0.125,1,NA,NA,0.173964537,0.168792162
10,4,GrowthYield,TRIM,0.125,1,NA,NA,0.791254946,0.724256954
10,4,DoublingTime,TRIM,0.25,2,NA,NA,0.174975061,0.179884411
10,4,GrowthYield,TRIM,0.25,2,NA,NA,1.085476324,1.013298285
10,4,DoublingTime,TRIM,0.5,3,NA,NA,0.179670413,0.168929498
10,4,GrowthYield,TRIM,0.5,3,NA,NA,1.558772602,1.425374362